File ID	File Name	Data Category	Data Type	Project ID	Case ID	Sample ID	Sample Type
28957e47-04d8-4e3e-b965-310097417c3f	aeda7370-e4a2-41ff-83e9-340943ba2108.rna_seq.genomic.gdc_realn.bam	Sequencing Reads	Aligned Reads	CGCI-BLGSP	BLGSP-71-27-00411	BLGSP-71-27-00411-01A	Primary Tumor
9c0220db-b764-4aaa-ac3f-8e5587e4b833	bd816f8b-f5e9-43ba-9cf8-868d85fa9ae2.rna_seq.genomic.gdc_realn.bam	Sequencing Reads	Aligned Reads	CGCI-BLGSP	BLGSP-71-19-00116	BLGSP-71-19-00116-01A	Primary Tumor
6d583c88-80a1-4656-a49f-948395389715	8c7e3bb4-9210-4ce6-ba92-a4636f8616f0.rna_seq.genomic.gdc_realn.bam	Sequencing Reads	Aligned Reads	CGCI-BLGSP	BLGSP-71-19-00127	BLGSP-71-19-00127-04A.1	Primary Tumor
6e9bbf69-8cb1-4dae-955b-cc78664bd00d	ac6c4781-6fd8-488b-80fe-99dfb13aff6f.rna_seq.genomic.gdc_realn.bam	Sequencing Reads	Aligned Reads	CGCI-BLGSP	BLGSP-71-29-00542	BLGSP-71-29-00542-50A	Cell Lines
3ff38d42-90f9-4199-b20b-2a33068c6b4e	8805f42e-06d4-4907-9639-ee72209ae671.rna_seq.genomic.gdc_realn.bam	Sequencing Reads	Aligned Reads	CGCI-BLGSP	BLGSP-71-08-00033	BLGSP-71-08-00033-01B	Primary Tumor
a1660fe5-1eb7-4eef-b62e-6883f5ce35ae	746abe2a-14d0-4ce7-a043-150a18aad57c.rna_seq.genomic.gdc_realn.bam	Sequencing Reads	Aligned Reads	CGCI-BLGSP	BLGSP-71-06-00162	BLGSP-71-06-00162-01A	Primary Tumor
4ba21a4c-4a7b-42c4-beb3-415645a761eb	a1fd5c4b-4985-48da-89d5-ce63d701a35a.rna_seq.genomic.gdc_realn.bam	Sequencing Reads	Aligned Reads	CGCI-BLGSP	BLGSP-71-06-00162	BLGSP-71-06-00162-01B	Primary Tumor
649de7ee-f0f7-42f7-a774-3923e9564fc0	2cb4b360-90ba-4ff0-81b7-42397e2f98ad.rna_seq.genomic.gdc_realn.bam	Sequencing Reads	Aligned Reads	CGCI-BLGSP	BLGSP-71-27-00420	BLGSP-71-27-00420-01A	Primary Tumor
1c856a8f-9441-4fb7-b39c-dbb7cc73c3d5	c049f785-1f37-4693-8d8d-1f19edb18c8c.rna_seq.genomic.gdc_realn.bam	Sequencing Reads	Aligned Reads	CGCI-BLGSP	BLGSP-71-19-00123	BLGSP-71-19-00123-09A.1	Primary Tumor
d9366ef9-76a5-4797-a4cc-541647de1fb4	d88dfec1-db83-492c-9722-3cbddbd1180e.rna_seq.genomic.gdc_realn.bam	Sequencing Reads	Aligned Reads	CGCI-BLGSP	BLGSP-71-08-00199	BLGSP-71-08-00199-01A	Primary Tumor
ad27585b-7370-4437-900c-74383337fd9e	14424fcd-6e09-46bf-9a84-5b6b8fac6fdf.rna_seq.genomic.gdc_realn.bam	Sequencing Reads	Aligned Reads	CGCI-BLGSP	BLGSP-71-21-00243	BLGSP-71-21-00243-01A	FFPE Scrolls
28d23932-02a6-4434-b511-96c3f873c89e	2416d2e4-c19c-4130-aaa3-3a6673617fbe.rna_seq.genomic.gdc_realn.bam	Sequencing Reads	Aligned Reads	CGCI-BLGSP	BLGSP-71-22-00338	BLGSP-71-22-00338-01A	Slides
96424f1a-5ff7-4384-99f9-febcaad82068	5623d8c7-b7b6-4ca9-837f-8c01d7fed96c.rna_seq.genomic.gdc_realn.bam	Sequencing Reads	Aligned Reads	CGCI-BLGSP	BLGSP-71-06-00144	BLGSP-71-06-00144-01A	Primary Tumor
60d5d136-cede-4a51-b91b-c20c1ff5c3d7	78febdba-9f2c-4e6b-9640-05079ea09a79.rna_seq.genomic.gdc_realn.bam	Sequencing Reads	Aligned Reads	CGCI-BLGSP	BLGSP-71-06-00145	BLGSP-71-06-00145-01A	Primary Tumor
11deeb40-9833-4a4b-98f9-5456d93d19a9	b7642123-7997-474a-be1a-817f851c7a4c.rna_seq.genomic.gdc_realn.bam	Sequencing Reads	Aligned Reads	CGCI-BLGSP	BLGSP-71-29-00525	BLGSP-71-29-00525-50A	Cell Lines
79f38561-39ce-4f45-bde0-bd83feb240e7	9e3d007f-d9c8-4990-8d38-cbe856a26fa4.rna_seq.genomic.gdc_realn.bam	Sequencing Reads	Aligned Reads	CGCI-BLGSP	BLGSP-71-29-00524	BLGSP-71-29-00524-50A	Cell Lines
997edde2-886e-4bd9-828b-e3e72aa6abe3	88460515-1690-44eb-95d4-525b846ac998.rna_seq.genomic.gdc_realn.bam	Sequencing Reads	Aligned Reads	CGCI-BLGSP	BLGSP-71-06-00076	BLGSP-71-06-00076-01B	Primary Tumor
90dc5223-0462-42ea-a942-d11f2a4e682b	dff8a50a-69fb-462a-8100-98ba4f705a64.rna_seq.genomic.gdc_realn.bam	Sequencing Reads	Aligned Reads	CGCI-BLGSP	BLGSP-71-29-00533	BLGSP-71-29-00533-50A	Cell Lines
e320b856-a3f3-4157-9dd2-53c1e1f75381	11989e74-a6a5-4e6d-8120-762f3fd70984.rna_seq.genomic.gdc_realn.bam	Sequencing Reads	Aligned Reads	CGCI-BLGSP	BLGSP-71-06-00089	BLGSP-71-06-00089-01B	Primary Tumor
fc881df6-41fd-4b7c-ac86-6efe8d38d24d	4e41076b-2149-4b39-9c32-035cb9022292.rna_seq.genomic.gdc_realn.bam	Sequencing Reads	Aligned Reads	CGCI-BLGSP	BLGSP-71-06-00089	BLGSP-71-06-00089-01A	Primary Tumor
4a43051a-a369-40c6-861f-27ada88fcca7	022a80af-e2cb-4ebe-a7bb-be475aa5527b.rna_seq.genomic.gdc_realn.bam	Sequencing Reads	Aligned Reads	CGCI-BLGSP	BLGSP-71-29-00530	BLGSP-71-29-00530-50A	Cell Lines
eda43954-59db-4281-9634-5a4e3d172781	8bd55786-5986-49d4-a490-5cd5fff685a4.rna_seq.genomic.gdc_realn.bam	Sequencing Reads	Aligned Reads	CGCI-BLGSP	BLGSP-71-29-00537	BLGSP-71-29-00537-50A	Cell Lines
8da5fffe-f8ba-4f7f-938a-e02db60c9916	a891fc33-5f90-4b28-a957-f7250c33a182.rna_seq.genomic.gdc_realn.bam	Sequencing Reads	Aligned Reads	CGCI-BLGSP	BLGSP-71-06-00080	BLGSP-71-06-00080-01A	Primary Tumor
9f451e8a-fb20-4e59-abae-4eacc2d7baf8	9821730d-7952-4676-8f4a-89a827f1b72a.rna_seq.genomic.gdc_realn.bam	Sequencing Reads	Aligned Reads	CGCI-BLGSP	BLGSP-71-29-00528	BLGSP-71-29-00528-50A	Cell Lines
531cde25-98e5-4992-a1d8-929645de37ee	b8ae086d-ceec-44aa-9bb4-10b8a5333428.rna_seq.genomic.gdc_realn.bam	Sequencing Reads	Aligned Reads	CGCI-BLGSP	BLGSP-71-29-00527	BLGSP-71-29-00527-50A	Cell Lines
9c1cde8e-3eca-4860-9fba-7892c0d3f906	0d01ecff-07e9-46e8-b68e-10d3f82db01b.rna_seq.genomic.gdc_realn.bam	Sequencing Reads	Aligned Reads	CGCI-BLGSP	BLGSP-71-29-00536	BLGSP-71-29-00536-50A	Cell Lines
88374c0b-ca52-4057-ae63-d0009c0126fc	056c7964-4428-40b0-803a-f4b3765e56b6.rna_seq.genomic.gdc_realn.bam	Sequencing Reads	Aligned Reads	CGCI-BLGSP	BLGSP-71-19-00115	BLGSP-71-19-00115-01A	Primary Tumor
1878064e-4d0f-441e-8568-72477756a830	f3422c3a-01f7-40b0-a9df-a087613c463b.rna_seq.genomic.gdc_realn.bam	Sequencing Reads	Aligned Reads	CGCI-BLGSP	BLGSP-71-29-00535	BLGSP-71-29-00535-50A	Cell Lines
2b0017ba-1ad3-45cf-a386-5c5a79260acb	f8898c63-6631-4105-8399-e3f10709f956.rna_seq.genomic.gdc_realn.bam	Sequencing Reads	Aligned Reads	CGCI-BLGSP	BLGSP-71-29-00539	BLGSP-71-29-00539-50A	Cell Lines
581a146c-3330-4c25-a308-4fb57eb28709	78176ac8-f0fa-4786-8281-ce57c20bc173.rna_seq.genomic.gdc_realn.bam	Sequencing Reads	Aligned Reads	CGCI-BLGSP	BLGSP-71-08-00194	BLGSP-71-08-00194-01A	Primary Tumor
a4a321ef-6187-4fca-8e02-db9fe8f06432	d4462119-1fb7-494d-ab3f-80a4041f2e05.rna_seq.genomic.gdc_realn.bam	Sequencing Reads	Aligned Reads	CGCI-BLGSP	BLGSP-71-19-00113	BLGSP-71-19-00113-01A	Primary Tumor
4581e811-17f9-4fdb-b582-893dd401693c	fbd74cd4-c5b8-430a-8703-2c8fd409cf60.rna_seq.genomic.gdc_realn.bam	Sequencing Reads	Aligned Reads	CGCI-BLGSP	BLGSP-71-06-00093	BLGSP-71-06-00093-01A	Primary Tumor
8db1f1af-f7ef-4b9d-935b-b74eda3ef865	dd0560fe-521f-4b28-a796-a3efb3a79ee0.rna_seq.genomic.gdc_realn.bam	Sequencing Reads	Aligned Reads	CGCI-BLGSP	BLGSP-71-27-00421	BLGSP-71-27-00421-01A	Primary Tumor
d8c80730-b77a-4aa4-941f-8a56819f8a50	c0f39494-f737-4e61-9768-dc840263dfe6.rna_seq.genomic.gdc_realn.bam	Sequencing Reads	Aligned Reads	CGCI-BLGSP	BLGSP-71-06-00072	BLGSP-71-06-00072-01B	Primary Tumor
e935b8d5-7605-4699-86a3-71a0b2a87d0a	6dbeaf40-422b-410c-ac47-b1f878f1a7b3.rna_seq.genomic.gdc_realn.bam	Sequencing Reads	Aligned Reads	CGCI-BLGSP	BLGSP-71-27-00422	BLGSP-71-27-00422-01A	Primary Tumor
e859104f-d979-4761-b7f1-6151f84508f3	2c8c391c-be67-4402-93a9-1aa25de257ae.rna_seq.genomic.gdc_realn.bam	Sequencing Reads	Aligned Reads	CGCI-BLGSP	BLGSP-71-29-00532	BLGSP-71-29-00532-50A	Cell Lines
b2d3b817-3ee1-40b9-8d2f-340fe18461be	afbec871-4005-4f46-88c4-8d5026173139.rna_seq.genomic.gdc_realn.bam	Sequencing Reads	Aligned Reads	CGCI-BLGSP	BLGSP-71-23-00470	BLGSP-71-23-00470-01A	Primary Tumor
5c21a906-0134-4dde-9b8b-7ab61421394f	c86a4302-44d6-47ef-bfb6-bce4370fcc94.rna_seq.genomic.gdc_realn.bam	Sequencing Reads	Aligned Reads	CGCI-BLGSP	BLGSP-71-06-00090	BLGSP-71-06-00090-01B	Primary Tumor
a3be9681-d695-4941-b20a-6dbb7af66449	e68ab119-1bb5-4b06-b295-df517ff6e544.rna_seq.genomic.gdc_realn.bam	Sequencing Reads	Aligned Reads	CGCI-BLGSP	BLGSP-71-06-00075	BLGSP-71-06-00075-01B	Primary Tumor
83e44c51-bf96-4140-9f7b-4d8c5092815f	adcb23f5-ce79-4f8f-aa6d-0677dfbfa388.rna_seq.genomic.gdc_realn.bam	Sequencing Reads	Aligned Reads	CGCI-BLGSP	BLGSP-71-06-00091	BLGSP-71-06-00091-01A	Primary Tumor
d157fa56-a36b-48b6-9355-3fa3c80b3b31	93c8dbd3-d4b9-4b24-9ce1-eece71b8e85b.rna_seq.genomic.gdc_realn.bam	Sequencing Reads	Aligned Reads	CGCI-BLGSP	BLGSP-71-06-00072	BLGSP-71-06-00072-01A	Primary Tumor
58c7f273-f53d-4005-8421-1c19e1e951e6	457573e4-610b-43f0-9c7b-25d0191be5b0.rna_seq.genomic.gdc_realn.bam	Sequencing Reads	Aligned Reads	CGCI-BLGSP	BLGSP-71-06-00088	BLGSP-71-06-00088-01B	Primary Tumor
e9062bd8-5afc-4a6b-b4c3-1b452bc7b7d4	731bf291-ca73-4cdf-a500-1f9de5d04f57.rna_seq.genomic.gdc_realn.bam	Sequencing Reads	Aligned Reads	CGCI-BLGSP	BLGSP-71-06-00088	BLGSP-71-06-00088-01A	Primary Tumor
9efa869a-f526-469e-9900-894f674e2b80	db4228ec-a363-45ba-b44c-295f2ce04af1.rna_seq.genomic.gdc_realn.bam	Sequencing Reads	Aligned Reads	CGCI-BLGSP	BLGSP-71-06-00085	BLGSP-71-06-00085-01B	Primary Tumor
9675cfbd-aa6c-4ab8-887d-6ab944899991	0d7da05f-1a4b-4a6a-9fce-ef5e6ec46198.rna_seq.genomic.gdc_realn.bam	Sequencing Reads	Aligned Reads	CGCI-BLGSP	BLGSP-71-06-00156	BLGSP-71-06-00156-01A	Primary Tumor
bef0f2a9-0ab7-4644-963a-a14bb582e9f7	84bde3bf-7f06-4d73-9a0d-263fbd9e0fc6.rna_seq.genomic.gdc_realn.bam	Sequencing Reads	Aligned Reads	CGCI-BLGSP	BLGSP-71-06-00159	BLGSP-71-06-00159-01B	Primary Tumor
891e7979-bc40-4ff4-a8e0-71af784b85e3	e609341c-141d-460f-bbc6-db70e1f5ab7b.rna_seq.genomic.gdc_realn.bam	Sequencing Reads	Aligned Reads	CGCI-BLGSP	BLGSP-71-06-00154	BLGSP-71-06-00154-01B	Primary Tumor
3d5c6f3e-73d7-4383-adc8-c691b0177219	bab43613-58a3-44a2-bf7b-96227dbf713a.rna_seq.genomic.gdc_realn.bam	Sequencing Reads	Aligned Reads	CGCI-BLGSP	BLGSP-71-06-00169	BLGSP-71-06-00169-01B	Primary Tumor
87cca528-c4da-4c7e-a607-7726cc5d3bac	4e552c0a-c8bf-45f1-8893-edca448d6e00.rna_seq.genomic.gdc_realn.bam	Sequencing Reads	Aligned Reads	CGCI-BLGSP	BLGSP-71-06-00340	BLGSP-71-06-00340-01A	Primary Tumor
b1a9e6fe-e550-4aaf-81f5-12cb635af36d	775821c5-06d0-40d3-bb51-6745fd0ca3d2.rna_seq.genomic.gdc_realn.bam	Sequencing Reads	Aligned Reads	CGCI-BLGSP	BLGSP-71-06-00255	BLGSP-71-06-00255-01C	Primary Tumor
04f0cf92-9329-47b1-8569-3e8e3edc55f9	5330a0c9-a8eb-4082-b018-524f5dec7ff3.rna_seq.genomic.gdc_realn.bam	Sequencing Reads	Aligned Reads	CGCI-BLGSP	BLGSP-71-23-00445	BLGSP-71-23-00445-01A	Primary Tumor
617e4b4f-71ff-4dd6-8514-f50d0e7af6b7	8136b881-c42e-40a0-a74a-f5caae97fc48.rna_seq.genomic.gdc_realn.bam	Sequencing Reads	Aligned Reads	CGCI-BLGSP	BLGSP-71-23-00442	BLGSP-71-23-00442-01A	Primary Tumor
cfd8c7ef-401b-48b0-b390-9e285f665eb7	3ffdf9fd-8c25-4daa-aaaf-7dd9eeaf068f.rna_seq.genomic.gdc_realn.bam	Sequencing Reads	Aligned Reads	CGCI-BLGSP	BLGSP-71-06-00001	BLGSP-71-06-00001-01A	Primary Tumor
1dc33898-dc4b-4ff9-8488-6b24ae5bcabe	33929b5d-739b-44f1-947f-6501a73b4a04.rna_seq.genomic.gdc_realn.bam	Sequencing Reads	Aligned Reads	CGCI-BLGSP	BLGSP-71-06-00019	BLGSP-71-06-00019-01B	Primary Tumor
23110282-9beb-4d3f-9f9f-4538b4b61e2e	e4925d85-878f-4496-bf5a-d027e1c66b02.rna_seq.genomic.gdc_realn.bam	Sequencing Reads	Aligned Reads	CGCI-BLGSP	BLGSP-71-06-00019	BLGSP-71-06-00019-01A	Primary Tumor
9126189a-46bc-49de-aaab-64a1ea18d599	342760dd-4f52-4a56-9cff-3efb86401816.rna_seq.genomic.gdc_realn.bam	Sequencing Reads	Aligned Reads	CGCI-BLGSP	BLGSP-71-23-00401	BLGSP-71-23-00401-01A	Primary Tumor
e4081135-b657-4a23-bc55-ca83c2642282	ef4a270e-c464-4dc3-a3b6-df85df400b42.rna_seq.genomic.gdc_realn.bam	Sequencing Reads	Aligned Reads	CGCI-BLGSP	BLGSP-71-17-00238	BLGSP-71-17-00238-01A	Slides
8ed5d825-3ee3-4289-9389-1df8f095b32a	482f14ef-6a33-4e12-ac9e-e3a01fe650ec.rna_seq.genomic.gdc_realn.bam	Sequencing Reads	Aligned Reads	CGCI-BLGSP	BLGSP-71-17-00356	BLGSP-71-17-00356-01A	Primary Tumor
db186d9a-fb9f-4074-a9de-23b5fdcc6018	4fbf94a3-6e5f-4a4a-a539-428523f966c6.rna_seq.genomic.gdc_realn.bam	Sequencing Reads	Aligned Reads	CGCI-BLGSP	BLGSP-71-19-99996	BLGSP-71-19-99996-17A.2	Lymphoid Normal
f227aed5-9090-4b8a-814a-62fd0a64e7b8	71d9dbcb-0e95-401f-860b-ff34f4c68d69.rna_seq.genomic.gdc_realn.bam	Sequencing Reads	Aligned Reads	CGCI-BLGSP	BLGSP-71-06-00008	BLGSP-71-06-00008-01A	Primary Tumor
174be62d-ff23-4b6e-9369-8898ab743c62	c2f097a7-2cac-4fed-894f-44a1947b60a7.rna_seq.genomic.gdc_realn.bam	Sequencing Reads	Aligned Reads	CGCI-BLGSP	BLGSP-71-17-00357	BLGSP-71-17-00357-01B	Slides
f5c896e9-023f-44b5-bb63-d4b03b6391a5	2a615559-c6bd-4108-b0a6-483ba7421ada.rna_seq.genomic.gdc_realn.bam	Sequencing Reads	Aligned Reads	CGCI-BLGSP	BLGSP-71-19-99988	BLGSP-71-19-99988-17A.1	Lymphoid Normal
ab7437cc-521a-4c37-ad17-8b0f03a21bac	f1fd504b-4e4f-486e-bdbe-43a72f2f58e6.rna_seq.genomic.gdc_realn.bam	Sequencing Reads	Aligned Reads	CGCI-BLGSP	BLGSP-71-08-00057	BLGSP-71-08-00057-01A	Primary Tumor
c8615536-cdbf-4cc7-8188-05f64a1a1158	740a2300-73ef-405e-a816-90fa83c7d4a9.rna_seq.genomic.gdc_realn.bam	Sequencing Reads	Aligned Reads	CGCI-BLGSP	BLGSP-71-08-00028	BLGSP-71-08-00028-01A	Primary Tumor
6bd69da2-d1f2-44b0-ac42-ee0f02b60154	83005759-0cc1-4014-967d-d75bfd4dd2bc.rna_seq.genomic.gdc_realn.bam	Sequencing Reads	Aligned Reads	CGCI-BLGSP	BLGSP-71-08-00027	BLGSP-71-08-00027-01A	Primary Tumor
ce9c192d-94bf-4b2b-a8b2-62d5770a016d	52e143e8-d200-45b7-88fe-722095dd8ba6.rna_seq.genomic.gdc_realn.bam	Sequencing Reads	Aligned Reads	CGCI-BLGSP	BLGSP-71-22-00335	BLGSP-71-22-00335-01A	Primary Tumor
2cf694ec-45bc-43bb-9319-22d76eeabfdb	c378a6fd-b743-4c2b-9cb6-356796f9004b.rna_seq.genomic.gdc_realn.bam	Sequencing Reads	Aligned Reads	CGCI-BLGSP	BLGSP-71-08-00026	BLGSP-71-08-00026-01B	Primary Tumor
01b2b5c0-4cf5-487c-b3e2-8c88118e0961	d5b09321-71cb-4ba8-b9c0-d8a89ddb3b33.rna_seq.genomic.gdc_realn.bam	Sequencing Reads	Aligned Reads	CGCI-BLGSP	BLGSP-71-06-00005	BLGSP-71-06-00005-01B	Primary Tumor
37ccfd7e-d4ef-4750-b8a4-c9b4338ea74f	185aa35c-f8f1-48c8-8c58-cb0ca634cb3f.rna_seq.genomic.gdc_realn.bam	Sequencing Reads	Aligned Reads	CGCI-BLGSP	BLGSP-71-30-00669	BLGSP-71-30-00669-01A	FFPE Scrolls
abccab71-fcc2-4590-831b-491418a63cea	c59953e6-d4ed-418e-9200-ada5da363809.rna_seq.genomic.gdc_realn.bam	Sequencing Reads	Aligned Reads	CGCI-BLGSP	BLGSP-71-30-00642	BLGSP-71-30-00642-01A	FFPE Scrolls
52f1a61d-4802-4ae7-96d6-19ce83aa781c	dd7721af-c4f9-4822-961c-8e00e0f24d5b.rna_seq.genomic.gdc_realn.bam	Sequencing Reads	Aligned Reads	CGCI-BLGSP	BLGSP-71-06-00252	BLGSP-71-06-00252-01B	Primary Tumor
f723ccb5-2f2c-4289-bccf-654cc8b6422b	25bbf7e2-34dd-4788-9687-cb21da49363e.rna_seq.genomic.gdc_realn.bam	Sequencing Reads	Aligned Reads	CGCI-BLGSP	BLGSP-71-19-99988	BLGSP-71-19-99988-17A.2	Lymphoid Normal
1d8c8e7e-17a8-4a8b-a168-6a651d63fbd6	2507502a-575b-4caf-af4e-d38ea78feac7.rna_seq.genomic.gdc_realn.bam	Sequencing Reads	Aligned Reads	CGCI-BLGSP	BLGSP-71-27-00512	BLGSP-71-27-00512-01A	Primary Tumor
eb2c07ac-021b-42e0-9982-116ad83024d7	2d9e3604-09ed-42d7-b313-e1f805e6fe3e.rna_seq.genomic.gdc_realn.bam	Sequencing Reads	Aligned Reads	CGCI-BLGSP	BLGSP-71-08-00029	BLGSP-71-08-00029-01A	Primary Tumor
71164918-4055-4cef-a31b-170a22eac98c	a3b7e841-ef2c-4ccc-984e-05e6bdc3635e.rna_seq.genomic.gdc_realn.bam	Sequencing Reads	Aligned Reads	CGCI-BLGSP	BLGSP-71-23-00433	BLGSP-71-23-00433-01A	Primary Tumor
fffd7b69-3d11-4480-86c4-c527da5b8e29	98518b04-d1af-4515-9423-531f3c4b2a2c.rna_seq.genomic.gdc_realn.bam	Sequencing Reads	Aligned Reads	CGCI-BLGSP	BLGSP-71-29-00534	BLGSP-71-29-00534-50A	Cell Lines
9b3ef515-2ef0-4df2-be7e-38d0e6ab1da7	8c45d7f7-63ef-47e9-ba58-1a114fafa282.rna_seq.genomic.gdc_realn.bam	Sequencing Reads	Aligned Reads	CGCI-BLGSP	BLGSP-71-17-00237	BLGSP-71-17-00237-01A	Primary Tumor
b883e6df-08f3-4efd-b554-084de82ccacb	001f8aab-e8d5-4f5a-8b1e-9e10c05eccc3.rna_seq.genomic.gdc_realn.bam	Sequencing Reads	Aligned Reads	CGCI-BLGSP	BLGSP-71-06-00170	BLGSP-71-06-00170-01A	Primary Tumor
ad1a2634-a0e1-4dde-a1c6-3c64088f89d5	4a4565a7-8d08-4db0-a6b5-677e2a5f117d.rna_seq.genomic.gdc_realn.bam	Sequencing Reads	Aligned Reads	CGCI-BLGSP	BLGSP-71-08-00030	BLGSP-71-08-00030-01A	Primary Tumor
69be8dc5-54dc-40ca-addb-403146f87eb7	f8efa725-0c78-4029-a9de-c18566ef34a3.rna_seq.genomic.gdc_realn.bam	Sequencing Reads	Aligned Reads	CGCI-BLGSP	BLGSP-71-23-00468	BLGSP-71-23-00468-01A	Primary Tumor
68919957-222a-432f-a55b-7a0f975d29cd	7aebd466-deb0-4e98-a276-2aec10b8e1e7.rna_seq.genomic.gdc_realn.bam	Sequencing Reads	Aligned Reads	CGCI-BLGSP	BLGSP-71-06-00148	BLGSP-71-06-00148-01A	Primary Tumor
9fdacc0c-25af-4f2f-b9b7-bc6884b0f554	2fa4997d-8c5b-48f1-9f73-0ddeb02edf1e.rna_seq.genomic.gdc_realn.bam	Sequencing Reads	Aligned Reads	CGCI-BLGSP	BLGSP-71-30-00639	BLGSP-71-30-00639-01A	FFPE Scrolls
71216a3a-c718-4158-9cb1-961166b7afa1	bc8f8a27-73d1-47b6-b403-839fb668efd3.rna_seq.genomic.gdc_realn.bam	Sequencing Reads	Aligned Reads	CGCI-BLGSP	BLGSP-71-30-00671	BLGSP-71-30-00671-01A	FFPE Scrolls
8bbbf81b-acf4-4caa-baa1-fb769da714d5	ba7b4798-e7cf-4403-bc94-ea67c0b2a354.rna_seq.genomic.gdc_realn.bam	Sequencing Reads	Aligned Reads	CGCI-BLGSP	BLGSP-71-30-00658	BLGSP-71-30-00658-01A	FFPE Scrolls
cf852b2c-c043-4efa-8c17-7149da0a89d9	9caa72c5-1cb5-4ade-9c42-0fc31aa863b4.rna_seq.genomic.gdc_realn.bam	Sequencing Reads	Aligned Reads	CGCI-BLGSP	BLGSP-71-30-00638	BLGSP-71-30-00638-01A	FFPE Scrolls
d1d50f30-56f6-400e-825d-100b9fbff930	370fe107-9f8a-4e12-9cbb-6fda49a359cd.rna_seq.genomic.gdc_realn.bam	Sequencing Reads	Aligned Reads	CGCI-BLGSP	BLGSP-71-30-00677	BLGSP-71-30-00677-01A	FFPE Scrolls
a4b55e43-3392-4c57-a45d-7e29076f682e	f02be941-5cca-4b9a-b975-6ba11225cdd9.rna_seq.genomic.gdc_realn.bam	Sequencing Reads	Aligned Reads	CGCI-BLGSP	BLGSP-71-30-00647	BLGSP-71-30-00647-01A	FFPE Scrolls
80bbbe6e-3cfe-4f69-90e0-a099205e1a0e	37f71fd4-8811-420c-b337-a09bc5478288.rna_seq.genomic.gdc_realn.bam	Sequencing Reads	Aligned Reads	CGCI-BLGSP	BLGSP-71-30-00656	BLGSP-71-30-00656-01A	FFPE Scrolls
9d34fc94-15ad-43fe-b6be-a2d46dccff86	78d24f7b-87ff-456b-a33f-a830284f7b77.rna_seq.genomic.gdc_realn.bam	Sequencing Reads	Aligned Reads	CGCI-BLGSP	BLGSP-71-30-00643	BLGSP-71-30-00643-01A	FFPE Scrolls
2f4ce08d-8bfb-47c7-bd56-7e3b8e6e95ab	f9d22bde-115b-4a30-8311-02ea7f848dea.rna_seq.genomic.gdc_realn.bam	Sequencing Reads	Aligned Reads	CGCI-BLGSP	BLGSP-71-30-00665	BLGSP-71-30-00665-01A	FFPE Scrolls
38a7932c-c77d-47f2-a268-acb5d9a53e72	b53a4aee-c493-443c-a85a-9df2350183a3.rna_seq.genomic.gdc_realn.bam	Sequencing Reads	Aligned Reads	CGCI-BLGSP	BLGSP-71-30-00666	BLGSP-71-30-00666-01A	FFPE Scrolls
31a1231b-2d76-4d04-9c41-6113c57f1360	6efba343-b461-4bcf-b40c-9115a3b4dc57.rna_seq.genomic.gdc_realn.bam	Sequencing Reads	Aligned Reads	CGCI-BLGSP	BLGSP-71-30-00663	BLGSP-71-30-00663-01A	FFPE Scrolls
9467bb34-7fa2-4489-9e7a-cc2f82066e0a	26e4679c-7ff7-4d88-a1fc-b382f4971b98.rna_seq.genomic.gdc_realn.bam	Sequencing Reads	Aligned Reads	CGCI-BLGSP	BLGSP-71-30-00667	BLGSP-71-30-00667-01A	FFPE Scrolls
1f0c1b7d-80eb-4390-946c-fa5c7a36b454	908ccfe9-64ec-42de-89a3-9a1eec2bac23.rna_seq.genomic.gdc_realn.bam	Sequencing Reads	Aligned Reads	CGCI-BLGSP	BLGSP-71-30-00661	BLGSP-71-30-00661-01A	FFPE Scrolls
9114f619-62f8-4fc3-a76e-d2c478bf6f00	ae08ca88-5a11-43e6-a1ab-62962d1318e4.rna_seq.genomic.gdc_realn.bam	Sequencing Reads	Aligned Reads	CGCI-BLGSP	BLGSP-71-30-00640	BLGSP-71-30-00640-01A	FFPE Scrolls
155b852f-e750-4660-b333-011c500b3d60	9e1941aa-ba8e-4f81-b906-3bd6609460df.rna_seq.genomic.gdc_realn.bam	Sequencing Reads	Aligned Reads	CGCI-BLGSP	BLGSP-71-23-00406	BLGSP-71-23-00406-01A	Primary Tumor
f7d9bca3-0825-41ba-9c2c-e1a5f2d00b12	c49e6192-ad89-421e-876f-c91b5dbdf5c7.rna_seq.genomic.gdc_realn.bam	Sequencing Reads	Aligned Reads	CGCI-BLGSP	BLGSP-71-06-00292	BLGSP-71-06-00292-01A	Primary Tumor
8c7045ff-2df4-4bbe-bfac-0ae56cef5844	78808f68-f3e5-49f5-a3a2-206b3abc8f5a.rna_seq.genomic.gdc_realn.bam	Sequencing Reads	Aligned Reads	CGCI-BLGSP	BLGSP-71-23-00448	BLGSP-71-23-00448-01A	Primary Tumor
bba6c7a1-4f9b-401c-80e3-12ec3628ed7d	c5f76b50-65ef-4938-8c09-003612326f43.rna_seq.genomic.gdc_realn.bam	Sequencing Reads	Aligned Reads	CGCI-BLGSP	BLGSP-71-08-00043	BLGSP-71-08-00043-01A	Primary Tumor
3cdac0e3-8fde-421d-860e-8a5dc6e9891c	3f1794d4-1518-4c10-b07f-f9d6f91ea1ab.rna_seq.genomic.gdc_realn.bam	Sequencing Reads	Aligned Reads	CGCI-BLGSP	BLGSP-71-08-00207	BLGSP-71-08-00207-01A	Primary Tumor
2b6a99cf-4749-4fcd-afa3-9dd2c03ad372	a423ad2c-08e6-463f-b078-856131c18d6c.rna_seq.genomic.gdc_realn.bam	Sequencing Reads	Aligned Reads	CGCI-BLGSP	BLGSP-71-06-00078	BLGSP-71-06-00078-01B	Primary Tumor
423227d5-3138-458c-aacc-6e5673a6d7c0	1282de13-faa5-4cac-97a5-d01208f21e8d.rna_seq.genomic.gdc_realn.bam	Sequencing Reads	Aligned Reads	CGCI-BLGSP	BLGSP-71-06-00078	BLGSP-71-06-00078-01A	Primary Tumor
eba4d3f5-ac6e-40e9-8c15-945bf54cf4af	b699e4d4-fa7e-49eb-b089-faa77591a505.rna_seq.genomic.gdc_realn.bam	Sequencing Reads	Aligned Reads	CGCI-BLGSP	BLGSP-71-27-00414	BLGSP-71-27-00414-01A	Primary Tumor
f3713f8e-a00a-44af-9f98-e0f7c2c8ab36	768a6c71-c4af-43de-a2c9-6e5b10cc027b.rna_seq.genomic.gdc_realn.bam	Sequencing Reads	Aligned Reads	CGCI-BLGSP	BLGSP-71-06-00078	BLGSP-71-06-00078-01A	Primary Tumor
5d16a8f0-b93c-43fe-9ae2-a5b1a8157af5	8a3d24e2-273a-46bc-9099-2005bef7285f.rna_seq.genomic.gdc_realn.bam	Sequencing Reads	Aligned Reads	CGCI-BLGSP	BLGSP-71-06-00004	BLGSP-71-06-00004-01B	Primary Tumor
a7798ca1-8973-4627-9367-960d57d52c71	1e47ef65-3e88-4487-ab92-7eac6e3295e1.rna_seq.genomic.gdc_realn.bam	Sequencing Reads	Aligned Reads	CGCI-BLGSP	BLGSP-71-22-00330	BLGSP-71-22-00330-01A	FFPE Scrolls
14618555-3c88-4e4d-9f6e-054a8af0a2b3	effc9dd7-5df7-4a75-a632-22beefa77966.rna_seq.genomic.gdc_realn.bam	Sequencing Reads	Aligned Reads	CGCI-BLGSP	BLGSP-71-06-00007	BLGSP-71-06-00007-01A	Primary Tumor
cf32ca13-ca49-4a60-952b-2d0062e86cc4	c696159b-7597-4e70-b408-b10cec6d03dc.rna_seq.genomic.gdc_realn.bam	Sequencing Reads	Aligned Reads	CGCI-BLGSP	BLGSP-71-06-00342	BLGSP-71-06-00342-01A	Primary Tumor
de800aca-5a9a-456d-84ab-44cdf671b272	d88a0976-2288-4e24-a384-471a835b9c5d.rna_seq.genomic.gdc_realn.bam	Sequencing Reads	Aligned Reads	CGCI-BLGSP	BLGSP-71-23-00456	BLGSP-71-23-00456-01A	Primary Tumor
1b1ae21e-a581-4dcc-84de-21fd01f48107	deb07d4b-e51e-422e-bc49-562cdfaad401.rna_seq.genomic.gdc_realn.bam	Sequencing Reads	Aligned Reads	CGCI-BLGSP	BLGSP-71-06-00081	BLGSP-71-06-00081-01D	Primary Tumor
78b91a9a-11a4-4126-8eac-ae81d1a25603	a671163b-2faf-49ae-b058-99bd3aa7787a.rna_seq.genomic.gdc_realn.bam	Sequencing Reads	Aligned Reads	CGCI-BLGSP	BLGSP-71-08-00059	BLGSP-71-08-00059-01A	Primary Tumor
396359f8-3dc6-43b5-960b-192666c1a689	eb987f2c-d43d-4e3a-bb7b-d2d13a16e414.rna_seq.genomic.gdc_realn.bam	Sequencing Reads	Aligned Reads	CGCI-BLGSP	BLGSP-71-19-00125	BLGSP-71-19-00125-09A	Primary Tumor
c88d8ff6-35bf-4a2e-8f41-3230afe91819	b2d5bb42-f354-40b8-94cb-db9d59339dae.rna_seq.genomic.gdc_realn.bam	Sequencing Reads	Aligned Reads	CGCI-BLGSP	BLGSP-71-19-00522	BLGSP-71-19-00522-09A	Primary Blood Derived Cancer - Bone Marrow
389821bc-aee2-4486-810d-635e4529bdff	943cbf08-98f1-4c6b-b073-5f02573ee339.rna_seq.genomic.gdc_realn.bam	Sequencing Reads	Aligned Reads	CGCI-BLGSP	BLGSP-71-26-00398	BLGSP-71-26-00398-01A	Primary Tumor
61593b3f-6091-4479-911e-cc76fbdd7267	3f9fe5ce-621f-431a-b073-860d23e7ad44.rna_seq.genomic.gdc_realn.bam	Sequencing Reads	Aligned Reads	CGCI-BLGSP	BLGSP-71-08-00038	BLGSP-71-08-00038-01A	Primary Tumor
13f31dec-cc8e-4b3b-8448-12787930a2af	12ffdd1e-01a6-4710-bd5e-64a43f3acfd8.rna_seq.genomic.gdc_realn.bam	Sequencing Reads	Aligned Reads	CGCI-BLGSP	BLGSP-71-06-00167	BLGSP-71-06-00167-01A	Primary Tumor
75343281-fd46-4316-84d4-40d5ccb45457	31fc7e6b-47bb-4e50-911c-0d775fe603a6.rna_seq.genomic.gdc_realn.bam	Sequencing Reads	Aligned Reads	CGCI-BLGSP	BLGSP-71-06-00149	BLGSP-71-06-00149-01B	Primary Tumor
098e3005-659d-4fb4-a99c-4f046e3e71c8	153b0acc-2389-437d-9a9a-8ca486e94fa9.rna_seq.genomic.gdc_realn.bam	Sequencing Reads	Aligned Reads	CGCI-BLGSP	BLGSP-71-08-00021	BLGSP-71-08-00021-01A	Primary Tumor
48350b07-d090-4217-ac48-57107aabebfe	53cb3c47-f00d-4a9f-8672-6d2d12d3a927.rna_seq.genomic.gdc_realn.bam	Sequencing Reads	Aligned Reads	CGCI-BLGSP	BLGSP-71-08-00200	BLGSP-71-08-00200-01A	Primary Tumor
45651e09-5ebc-4d19-b817-7af59da5a7b1	232f9f25-7fa9-466c-b70e-7aa6212efd1d.rna_seq.genomic.gdc_realn.bam	Sequencing Reads	Aligned Reads	CGCI-BLGSP	BLGSP-71-06-00095	BLGSP-71-06-00095-01B	Primary Tumor
8d8d55d6-7d98-4823-9140-3a0ddeec33ce	d573202e-82b2-4b67-9cdf-816902453875.rna_seq.genomic.gdc_realn.bam	Sequencing Reads	Aligned Reads	CGCI-BLGSP	BLGSP-71-06-00095	BLGSP-71-06-00095-01A	Primary Tumor
b3dfe1d5-b2d2-4ac6-a056-284c9a25535d	210be168-d29e-4256-93b8-32f3cd4d41c7.rna_seq.genomic.gdc_realn.bam	Sequencing Reads	Aligned Reads	CGCI-BLGSP	BLGSP-71-06-00190	BLGSP-71-06-00190-01B	Primary Tumor
40ac106e-df7e-4cc5-b0be-5b9a29286cd4	422c9046-8422-4cb2-a575-85ed7c149e6c.rna_seq.genomic.gdc_realn.bam	Sequencing Reads	Aligned Reads	CGCI-BLGSP	BLGSP-71-08-00508	BLGSP-71-08-00508-01B	Primary Tumor
d4b6a544-8220-41ec-a03b-a25f1487ff22	642f2890-1024-4608-8dd7-3c6a37b46650.rna_seq.genomic.gdc_realn.bam	Sequencing Reads	Aligned Reads	CGCI-BLGSP	BLGSP-71-22-00339	BLGSP-71-22-00339-01A	FFPE Scrolls
ed762fcb-dbdd-40a4-8ac4-ac89a4f35b7e	13c78228-aedc-4aa1-bd25-11146e73fcbf.rna_seq.genomic.gdc_realn.bam	Sequencing Reads	Aligned Reads	CGCI-BLGSP	BLGSP-71-06-00071	BLGSP-71-06-00071-01B	Primary Tumor
9eace850-6e05-4275-ba3a-e2cc6bf8a07c	5f445139-33b6-4a09-824e-6a8716560e5a.rna_seq.genomic.gdc_realn.bam	Sequencing Reads	Aligned Reads	CGCI-BLGSP	BLGSP-71-17-00359	BLGSP-71-17-00359-01A	Primary Tumor
5bb5c415-bb51-4b15-b549-bc42ff864694	cc86d32e-09ac-47c5-b5c6-76d21a043e77.rna_seq.genomic.gdc_realn.bam	Sequencing Reads	Aligned Reads	CGCI-BLGSP	BLGSP-71-23-00436	BLGSP-71-23-00436-01A	Primary Tumor
c15f924a-8e6c-4dcf-86e8-59e5bcca96eb	a5392d38-f6b9-4f16-9974-9c3af4c45054.rna_seq.genomic.gdc_realn.bam	Sequencing Reads	Aligned Reads	CGCI-BLGSP	BLGSP-71-06-00164	BLGSP-71-06-00164-01C	Primary Tumor
25b5a6ed-edb2-401d-99b5-7d162d0d24a7	0e4647f8-17f7-4ccd-818f-1fdc816d364c.rna_seq.genomic.gdc_realn.bam	Sequencing Reads	Aligned Reads	CGCI-BLGSP	BLGSP-71-06-00012	BLGSP-71-06-00012-01A	Primary Tumor
2bb38641-7079-44fc-a825-e0b24bc1239f	5cf9e513-7121-4fbc-9a23-58e90d7bcc8b.rna_seq.genomic.gdc_realn.bam	Sequencing Reads	Aligned Reads	CGCI-BLGSP	BLGSP-71-06-00012	BLGSP-71-06-00012-01B	Primary Tumor
6f66f480-76d1-4c8e-bc1e-d7abbe255e4b	bf074608-4097-48c2-850a-3c41aad770f3.rna_seq.genomic.gdc_realn.bam	Sequencing Reads	Aligned Reads	CGCI-BLGSP	BLGSP-71-06-00253	BLGSP-71-06-00253-01B	Primary Tumor
27445300-2fb3-4e24-b748-f3ce8d06c094	7113b8f9-2654-4577-b2bd-f811164c3086.rna_seq.genomic.gdc_realn.bam	Sequencing Reads	Aligned Reads	CGCI-BLGSP	BLGSP-71-27-00425	BLGSP-71-27-00425-01A	Primary Tumor
de3f54d0-10fc-49ca-8382-bdc889600ddb	c260a5e3-40b9-4124-a3ac-9ee79480adb0.rna_seq.genomic.gdc_realn.bam	Sequencing Reads	Aligned Reads	CGCI-BLGSP	BLGSP-71-23-00405	BLGSP-71-23-00405-01A	Primary Tumor
f37ccea6-7040-4b18-9c17-71d26c6946b4	24d914d4-4a72-4c54-929c-9872d39faaef.rna_seq.genomic.gdc_realn.bam	Sequencing Reads	Aligned Reads	CGCI-BLGSP	BLGSP-71-19-00108	BLGSP-71-19-00108-01A	Primary Tumor
01b6e045-835f-4467-ab3e-2c20a0a31058	b18960d1-6edb-4e17-a5f8-28cd6476e261.rna_seq.genomic.gdc_realn.bam	Sequencing Reads	Aligned Reads	CGCI-BLGSP	BLGSP-71-19-00129	BLGSP-71-19-00129-01A	Primary Tumor
c1609bca-75ff-4c19-afe0-c658384ec770	055c0766-547b-44e7-bbf8-54fe68ce1faf.rna_seq.genomic.gdc_realn.bam	Sequencing Reads	Aligned Reads	CGCI-BLGSP	BLGSP-71-06-00142	BLGSP-71-06-00142-01B	Primary Tumor
e2f940c1-9ea5-412c-b57e-1141cbab1c80	21a8c156-067e-40e4-b1fa-cbd70df218a5.rna_seq.genomic.gdc_realn.bam	Sequencing Reads	Aligned Reads	CGCI-BLGSP	BLGSP-71-06-00142	BLGSP-71-06-00142-01A	Primary Tumor
9dc26c2a-ee53-4c81-8341-b6c34be77c78	9d320f52-114e-4dc9-8a04-78b710811e5f.rna_seq.genomic.gdc_realn.bam	Sequencing Reads	Aligned Reads	CGCI-BLGSP	BLGSP-71-29-00538	BLGSP-71-29-00538-50A	Cell Lines
66a3ce59-2f64-4f73-9db8-c23741ebfdda	5d82718e-eeec-4b12-8b36-3e6093700635.rna_seq.genomic.gdc_realn.bam	Sequencing Reads	Aligned Reads	CGCI-BLGSP	BLGSP-71-06-00074	BLGSP-71-06-00074-01A	Primary Tumor
32687c64-b9a4-415a-96b1-d6e93a364d07	bab3806a-bd16-40cb-9a98-b44d35b6738f.rna_seq.genomic.gdc_realn.bam	Sequencing Reads	Aligned Reads	CGCI-BLGSP	BLGSP-71-06-00075	BLGSP-71-06-00075-01B	Primary Tumor
58b32282-11b8-4451-981a-4c7692105168	7d818483-a683-407e-8f44-2e10294cb1c0.rna_seq.genomic.gdc_realn.bam	Sequencing Reads	Aligned Reads	CGCI-BLGSP	BLGSP-71-06-00075	BLGSP-71-06-00075-01C	Primary Tumor
836ce769-82d8-4d53-8737-111d71caa09e	dc0ff227-47d0-497b-9285-2ab467a8840b.rna_seq.genomic.gdc_realn.bam	Sequencing Reads	Aligned Reads	CGCI-BLGSP	BLGSP-71-06-00072	BLGSP-71-06-00072-01A	Primary Tumor
21312ef0-44c5-4a31-85d7-e05185d0a633	00875cd3-ae7d-4884-be86-ece402afb88e.rna_seq.genomic.gdc_realn.bam	Sequencing Reads	Aligned Reads	CGCI-BLGSP	BLGSP-71-06-00087	BLGSP-71-06-00087-01B	Primary Tumor
681d8e6a-eb38-499f-be66-84971aac0e6b	448f3b09-9096-40bc-84c7-891c7db4e9f4.rna_seq.genomic.gdc_realn.bam	Sequencing Reads	Aligned Reads	CGCI-BLGSP	BLGSP-71-06-00076	BLGSP-71-06-00076-01A	Primary Tumor
9f1248f6-af75-4bde-834e-e615826f3bdc	553a7323-41c9-4f47-8407-e537bcccfd73.rna_seq.genomic.gdc_realn.bam	Sequencing Reads	Aligned Reads	CGCI-BLGSP	BLGSP-71-27-00427	BLGSP-71-27-00427-01A	FFPE Scrolls
5b798349-ad84-473b-b7d5-48fb79d5c458	664bb469-1d84-4a2d-8c00-984d0409612e.rna_seq.genomic.gdc_realn.bam	Sequencing Reads	Aligned Reads	CGCI-BLGSP	BLGSP-71-06-00093	BLGSP-71-06-00093-01B	Primary Tumor
e51d13a6-d54b-42bd-83c2-69be7a173574	f35e9acd-72fa-462c-b37a-d91b066c7ccb.rna_seq.genomic.gdc_realn.bam	Sequencing Reads	Aligned Reads	CGCI-BLGSP	BLGSP-71-06-00074	BLGSP-71-06-00074-01B	Primary Tumor
806ae0f6-d774-483d-a873-77a7cf66f9e4	83e6bfc1-dca0-4a78-be3a-d97d9f73fbf4.rna_seq.genomic.gdc_realn.bam	Sequencing Reads	Aligned Reads	CGCI-BLGSP	BLGSP-71-06-00074	BLGSP-71-06-00074-01A	Primary Tumor
8e717a81-26b7-4bbe-b219-0a501e110e0b	9982aa39-6158-4a38-b80d-8dc9d6ca1dd3.rna_seq.genomic.gdc_realn.bam	Sequencing Reads	Aligned Reads	CGCI-BLGSP	BLGSP-71-06-00087	BLGSP-71-06-00087-01A	Primary Tumor
9d2210ab-acd2-4956-ae32-2639ffbef73f	0825ef6d-08c9-4b66-9ebb-094e0fbd21f9.rna_seq.genomic.gdc_realn.bam	Sequencing Reads	Aligned Reads	CGCI-BLGSP	BLGSP-71-06-00080	BLGSP-71-06-00080-01A	Primary Tumor
1c0bb975-2a22-41b3-b1e4-771e55ba24cc	74895697-174d-4fc8-a69b-9f6683a660e4.rna_seq.genomic.gdc_realn.bam	Sequencing Reads	Aligned Reads	CGCI-BLGSP	BLGSP-71-29-00526	BLGSP-71-29-00526-50A	Cell Lines
43fe8553-d896-4b47-a17b-5fd8873793b9	bba23897-8bf7-46b4-8592-096fdfa801e5.rna_seq.genomic.gdc_realn.bam	Sequencing Reads	Aligned Reads	CGCI-BLGSP	BLGSP-71-06-00281	BLGSP-71-06-00281-01A	Primary Tumor
ec863286-0db7-48d5-b97d-e488cd5d4acd	30241cff-a08a-4b1a-8d0e-24885a02fba2.rna_seq.genomic.gdc_realn.bam	Sequencing Reads	Aligned Reads	CGCI-BLGSP	BLGSP-71-26-00399	BLGSP-71-26-00399-01A	Primary Tumor
0b13b27e-8cb3-4ee0-bee5-85a7689c21c5	0bdcdd13-e76c-4e3f-8c63-2f0a1a075cdf.rna_seq.genomic.gdc_realn.bam	Sequencing Reads	Aligned Reads	CGCI-BLGSP	BLGSP-71-06-00160	BLGSP-71-06-00160-01A	Primary Tumor
2980628a-d155-48a6-bcd0-5bd75392479b	ed375afb-0c4b-4af3-a344-963a4105c67c.rna_seq.genomic.gdc_realn.bam	Sequencing Reads	Aligned Reads	CGCI-BLGSP	BLGSP-71-08-00022	BLGSP-71-08-00022-01A	Primary Tumor
c04c5eec-cbb9-4556-8600-815b48a91aad	4609f029-2732-489c-9f90-ff2368bdcb3c.rna_seq.genomic.gdc_realn.bam	Sequencing Reads	Aligned Reads	CGCI-BLGSP	BLGSP-71-06-00098	BLGSP-71-06-00098-01B	Primary Tumor
91304d15-53c8-4a29-8e0f-9e6e371cf909	218168e2-0f19-4081-a27b-11040c170c0d.rna_seq.genomic.gdc_realn.bam	Sequencing Reads	Aligned Reads	CGCI-BLGSP	BLGSP-71-19-00111	BLGSP-71-19-00111-01A	Primary Tumor
0b3868e2-1bf2-4d66-8eb6-5eaa190801f4	2495e8d3-1552-4249-bf07-9e7ecc633bbb.rna_seq.genomic.gdc_realn.bam	Sequencing Reads	Aligned Reads	CGCI-BLGSP	BLGSP-71-17-00231	BLGSP-71-17-00231-01A	Slides
f70731b0-342a-43d5-8006-caf68bb8309a	cb166fbf-9348-4416-9295-191bc15e19a0.rna_seq.genomic.gdc_realn.bam	Sequencing Reads	Aligned Reads	CGCI-BLGSP	BLGSP-71-08-00033	BLGSP-71-08-00033-01A	Primary Tumor
f05c8184-ac61-41ea-befb-636c80cb884e	7009fb99-efa9-4254-9a38-701f6e3e193d.rna_seq.genomic.gdc_realn.bam	Sequencing Reads	Aligned Reads	CGCI-BLGSP	BLGSP-71-29-00546	BLGSP-71-29-00546-50A	Cell Lines
af8ffce3-7536-4f77-b6fd-064634e11bad	99d7f995-b554-4234-8fab-9f4d6d1e4acf.rna_seq.genomic.gdc_realn.bam	Sequencing Reads	Aligned Reads	CGCI-BLGSP	BLGSP-71-19-00114	BLGSP-71-19-00114-02A	Recurrent Tumor
65a98949-5804-4538-825e-38f978a17ab9	471c2fa4-e543-4fbd-a9c1-48dfd07e493e.rna_seq.genomic.gdc_realn.bam	Sequencing Reads	Aligned Reads	CGCI-BLGSP	BLGSP-71-23-00470	BLGSP-71-23-00470-01A	Primary Tumor
67ce4606-0144-4972-a45a-fede9607d126	1ce07123-3ac3-412f-a8b6-e84172212cc4.rna_seq.genomic.gdc_realn.bam	Sequencing Reads	Aligned Reads	CGCI-BLGSP	BLGSP-71-06-00090	BLGSP-71-06-00090-01A	Primary Tumor
241c6412-ece7-4da8-b1e6-bbe60ead533c	6123a6f4-fd5b-4f0f-96e9-5ac60ac53843.rna_seq.genomic.gdc_realn.bam	Sequencing Reads	Aligned Reads	CGCI-BLGSP	BLGSP-71-06-00085	BLGSP-71-06-00085-01A	Primary Tumor
770a46f6-dbc3-436f-8406-5c9edcded935	f8c38ab9-9d46-4d79-96a8-2ff715e6e1c4.rna_seq.genomic.gdc_realn.bam	Sequencing Reads	Aligned Reads	CGCI-BLGSP	BLGSP-71-19-00121	BLGSP-71-19-00121-01A	Primary Tumor
ce07d649-cf80-4c7b-b286-86c57ad6b3d5	40fd92f6-da5e-4a9a-9bb2-eaf00c04068f.rna_seq.genomic.gdc_realn.bam	Sequencing Reads	Aligned Reads	CGCI-BLGSP	BLGSP-71-30-00644	BLGSP-71-30-00644-01A	Primary Tumor
4e5a87d0-6cf6-4727-873f-9a956f05a00e	bf8023f0-44d7-4e46-b71d-a2bb82e7c139.rna_seq.genomic.gdc_realn.bam	Sequencing Reads	Aligned Reads	CGCI-BLGSP	BLGSP-71-27-00428	BLGSP-71-27-00428-01A	Primary Tumor
559bb15b-b208-4d7d-802e-bff7bcb9e659	9511c709-1089-4fb1-8f07-90bcd93b9d6b.rna_seq.genomic.gdc_realn.bam	Sequencing Reads	Aligned Reads	CGCI-BLGSP	BLGSP-71-30-00657	BLGSP-71-30-00657-01A	FFPE Scrolls
fd64bdc8-9917-4e8b-b02a-9afd08bcf038	82ab4f0c-5159-4a99-9f3c-ea8f7fc847e3.rna_seq.genomic.gdc_realn.bam	Sequencing Reads	Aligned Reads	CGCI-BLGSP	BLGSP-71-30-00637	BLGSP-71-30-00637-01A	FFPE Scrolls
24536bc8-5a15-40af-a64a-6950c3225468	1345f272-89e8-4c1a-865f-95059c8c1816.rna_seq.genomic.gdc_realn.bam	Sequencing Reads	Aligned Reads	CGCI-BLGSP	BLGSP-71-30-00651	BLGSP-71-30-00651-01A	FFPE Scrolls
def13103-6933-4fb1-90fc-691ae403224b	5b3a0b7d-503f-4ae6-a757-8d52d7fd4d2f.rna_seq.genomic.gdc_realn.bam	Sequencing Reads	Aligned Reads	CGCI-BLGSP	BLGSP-71-30-00675	BLGSP-71-30-00675-01A	FFPE Scrolls
5145b662-3406-4d7f-9280-8971e50976ca	efa08bc0-435f-49c9-8012-a93c7ab1835b.rna_seq.genomic.gdc_realn.bam	Sequencing Reads	Aligned Reads	CGCI-BLGSP	BLGSP-71-30-00673	BLGSP-71-30-00673-01A	FFPE Scrolls
561f3ab0-017f-4885-94f6-c357da08ae61	54aa1b44-60c8-4d08-a90b-20fb363dc320.rna_seq.genomic.gdc_realn.bam	Sequencing Reads	Aligned Reads	CGCI-BLGSP	BLGSP-71-30-00654	BLGSP-71-30-00654-01A	FFPE Scrolls
aa2f1d43-caef-4cdd-9df2-a144468facd8	2163efb6-d30e-4a77-9487-259328cc73a8.rna_seq.genomic.gdc_realn.bam	Sequencing Reads	Aligned Reads	CGCI-BLGSP	BLGSP-71-30-00676	BLGSP-71-30-00676-01A	FFPE Scrolls
3f7c504b-7b7e-4f34-bd60-05d0bc515f2b	d6f9022d-d1e4-4ad9-aea3-793e44a4539d.rna_seq.genomic.gdc_realn.bam	Sequencing Reads	Aligned Reads	CGCI-BLGSP	BLGSP-71-30-00652	BLGSP-71-30-00652-01A	FFPE Scrolls
f57f278e-c8f1-4a86-9fcb-298e2f22eb62	5f586a0b-63db-4364-a4c1-2a5dfb78f724.rna_seq.genomic.gdc_realn.bam	Sequencing Reads	Aligned Reads	CGCI-BLGSP	BLGSP-71-30-00655	BLGSP-71-30-00655-01A	FFPE Scrolls
485c08e2-5c9b-4421-abe4-0d06429a0d10	01d2979b-0f37-41b8-bc34-98373073524e.rna_seq.genomic.gdc_realn.bam	Sequencing Reads	Aligned Reads	CGCI-BLGSP	BLGSP-71-30-00681	BLGSP-71-30-00681-01A	FFPE Scrolls
3fc8da4a-a354-4b39-9fed-e853d557e420	3097c537-e0fd-4973-8271-18f89e6f819d.rna_seq.genomic.gdc_realn.bam	Sequencing Reads	Aligned Reads	CGCI-BLGSP	BLGSP-71-30-00648	BLGSP-71-30-00648-01A	FFPE Scrolls
bca6569e-c54a-4904-b132-4f5aa2d8a149	4b57f1b0-24e7-4edb-bba1-adc6fcfe2296.rna_seq.genomic.gdc_realn.bam	Sequencing Reads	Aligned Reads	CGCI-BLGSP	BLGSP-71-30-00678	BLGSP-71-30-00678-01A	FFPE Scrolls
b89376b3-bf64-43e6-97c2-20c36e842c60	53fb23ee-37c4-40ad-bc42-77a07f955f26.rna_seq.genomic.gdc_realn.bam	Sequencing Reads	Aligned Reads	CGCI-BLGSP	BLGSP-71-30-00664	BLGSP-71-30-00664-01A	FFPE Scrolls
063d6f53-f663-4fa8-9ae0-78bc7b4d94cf	598b650c-3a2d-4f5b-a0a0-998cddd05b56.rna_seq.genomic.gdc_realn.bam	Sequencing Reads	Aligned Reads	CGCI-BLGSP	BLGSP-71-30-00641	BLGSP-71-30-00641-01A	FFPE Scrolls
65e77562-21bc-47b9-a805-5865fba88d7e	a2a24a94-d1c7-47e7-afbc-b76823c361ce.rna_seq.genomic.gdc_realn.bam	Sequencing Reads	Aligned Reads	CGCI-BLGSP	BLGSP-71-30-00645	BLGSP-71-30-00645-01A	FFPE Scrolls
d418d144-3526-4101-a4b0-0bb7f45920cc	3857429c-5e95-46b4-901a-169fb66d6370.rna_seq.genomic.gdc_realn.bam	Sequencing Reads	Aligned Reads	CGCI-BLGSP	BLGSP-71-32-00699	BLGSP-71-32-00699-01A	Primary Tumor
878e394a-5438-414d-b33a-ca11c542d7a4	7b733f14-fac0-4617-a332-4cdec12412aa.rna_seq.genomic.gdc_realn.bam	Sequencing Reads	Aligned Reads	CGCI-BLGSP	BLGSP-71-30-00660	BLGSP-71-30-00660-01A	FFPE Scrolls
9462014f-e6d4-473f-8896-f8a25ee2e8af	be66a14d-b100-4e52-84dd-ab97d4ed12dc.rna_seq.genomic.gdc_realn.bam	Sequencing Reads	Aligned Reads	CGCI-BLGSP	BLGSP-71-23-00437	BLGSP-71-23-00437-01A	Primary Tumor
6fc1ef36-d296-458c-940c-6ccf45e0878c	f73b7083-6cd8-48fb-b80b-1ce18256078b.rna_seq.genomic.gdc_realn.bam	Sequencing Reads	Aligned Reads	CGCI-BLGSP	BLGSP-71-23-00437	BLGSP-71-23-00437-01A	Primary Tumor
eb8c73f0-43da-4026-8541-55d24754d8a5	dffbd8cc-c66d-429c-8b1c-8ecc05d5f4a5.rna_seq.genomic.gdc_realn.bam	Sequencing Reads	Aligned Reads	CGCI-BLGSP	BLGSP-71-30-00682	BLGSP-71-30-00682-01A	FFPE Scrolls
06b8a92f-7ba9-416b-99a6-c7dbb1ff9521	a33b9b1a-13e1-403a-a074-05d80fc9709c.rna_seq.genomic.gdc_realn.bam	Sequencing Reads	Aligned Reads	CGCI-BLGSP	BLGSP-71-30-00662	BLGSP-71-30-00662-01A	FFPE Scrolls
9ebfd7de-7143-483c-86fb-c0543e32a9a5	79753c34-d968-48b7-9341-2c12e51f4407.rna_seq.genomic.gdc_realn.bam	Sequencing Reads	Aligned Reads	CGCI-BLGSP	BLGSP-71-08-00036	BLGSP-71-08-00036-01A	Primary Tumor
1221550b-5404-4488-ac42-d5ca30d8829a	08ad5114-b429-4e3f-a602-d48597661d4a.rna_seq.genomic.gdc_realn.bam	Sequencing Reads	Aligned Reads	CGCI-BLGSP	BLGSP-71-19-00107	BLGSP-71-19-00107-01A	Primary Tumor
247e3430-12ae-4ef5-916d-7f3b5ace486d	b4f5c615-d86f-4ecb-a6e7-e52e9a38dc30.rna_seq.genomic.gdc_realn.bam	Sequencing Reads	Aligned Reads	CGCI-BLGSP	BLGSP-71-06-00004	BLGSP-71-06-00004-01A	Primary Tumor
778d9de5-3513-47fb-8fac-000b4ec144e4	faf7da20-7b26-429f-9784-d5b9b3649876.rna_seq.genomic.gdc_realn.bam	Sequencing Reads	Aligned Reads	CGCI-BLGSP	BLGSP-71-06-00004	BLGSP-71-06-00004-01A	Primary Tumor
fc543eb8-ba58-4ba5-8a00-5f1ec3d27386	70a57d4d-1950-4fb4-82ac-76a7551d8ce5.rna_seq.genomic.gdc_realn.bam	Sequencing Reads	Aligned Reads	CGCI-BLGSP	BLGSP-71-32-00697	BLGSP-71-32-00697-01A	Primary Tumor
5e9f1879-97fe-4af9-99ea-7cd9e983188e	a476c3ac-b816-4096-90e1-2581c3d42843.rna_seq.genomic.gdc_realn.bam	Sequencing Reads	Aligned Reads	CGCI-BLGSP	BLGSP-71-23-00370	BLGSP-71-23-00370-01A	Primary Tumor
55952f04-a96d-4d72-8356-5de5fcdd4021	ec68dbad-d7f4-40fb-85bd-4385dd8ee98f.rna_seq.genomic.gdc_realn.bam	Sequencing Reads	Aligned Reads	CGCI-BLGSP	BLGSP-71-06-00289	BLGSP-71-06-00289-01A	Primary Tumor
3f783f81-62f8-48ad-8346-30d9432b6445	65f408c7-a01c-48f3-b660-7ce1eaa21226.rna_seq.genomic.gdc_realn.bam	Sequencing Reads	Aligned Reads	CGCI-BLGSP	BLGSP-71-06-00007	BLGSP-71-06-00007-01A	Primary Tumor
802814c0-0fdc-494e-aff4-6af88a03af10	abb5d245-387f-4f6b-b376-93b0aece0381.rna_seq.genomic.gdc_realn.bam	Sequencing Reads	Aligned Reads	CGCI-BLGSP	BLGSP-71-23-00410	BLGSP-71-23-00410-01B	Primary Tumor
4d172d1a-8cca-40b1-b375-192c599dc3e5	7b4fa6dd-77fb-4f11-84bc-1b82246d2875.rna_seq.genomic.gdc_realn.bam	Sequencing Reads	Aligned Reads	CGCI-BLGSP	BLGSP-71-08-00025	BLGSP-71-08-00025-01A	Primary Tumor
1c624de7-b881-4dcf-89f7-edf041147ca6	8c1b57f7-c0fc-4859-842a-073cf409cace.rna_seq.genomic.gdc_realn.bam	Sequencing Reads	Aligned Reads	CGCI-BLGSP	BLGSP-71-27-00509	BLGSP-71-27-00509-01A	Primary Tumor
fd61ebb7-eb96-4b94-b6ed-2df2d9b170ea	c15c65a1-6265-4cde-95cd-b9c9bb80a05a.rna_seq.genomic.gdc_realn.bam	Sequencing Reads	Aligned Reads	CGCI-BLGSP	BLGSP-71-06-00081	BLGSP-71-06-00081-01E	Primary Tumor
fdaf8f0e-31dd-42aa-b716-9cef7b170806	11ef4584-efa0-48b5-bbbf-f74a1e1cc4b1.rna_seq.genomic.gdc_realn.bam	Sequencing Reads	Aligned Reads	CGCI-BLGSP	BLGSP-71-27-00429	BLGSP-71-27-00429-01A	Primary Tumor
b3d43bc8-50c3-4dd2-b0e0-389561daf5ab	8e0d06ae-5fcb-4890-a852-8514b36561ac.rna_seq.genomic.gdc_realn.bam	Sequencing Reads	Aligned Reads	CGCI-BLGSP	BLGSP-71-08-00206	BLGSP-71-08-00206-01A	Primary Tumor
3224556c-1dfe-4970-aa50-e0f3b843442a	169967e4-5b64-41fa-a003-43a1b54d9b60.rna_seq.genomic.gdc_realn.bam	Sequencing Reads	Aligned Reads	CGCI-BLGSP	BLGSP-71-08-00191	BLGSP-71-08-00191-01A	Primary Tumor
5ae2dd62-83f4-4e93-9cba-a6ecbc2e63d2	079deb6e-4dc8-4b68-be48-f6fa69491c63.rna_seq.genomic.gdc_realn.bam	Sequencing Reads	Aligned Reads	CGCI-BLGSP	BLGSP-71-06-00094	BLGSP-71-06-00094-01A	Primary Tumor
e42f7acf-d6a9-4b96-b9df-672e5e2bb1b8	3391df88-ca23-4704-a81e-7cbe6c6755d1.rna_seq.genomic.gdc_realn.bam	Sequencing Reads	Aligned Reads	CGCI-BLGSP	BLGSP-71-08-00219	BLGSP-71-08-00219-01A	Primary Tumor
437ac480-faeb-4f87-bd83-672a2aab199c	1829b77c-84a9-49c9-8c73-75805c60c6dc.rna_seq.genomic.gdc_realn.bam	Sequencing Reads	Aligned Reads	CGCI-BLGSP	BLGSP-71-29-00531	BLGSP-71-29-00531-50A	Cell Lines
7ef1a598-fff5-4391-80c8-6191a763ee19	d2b9035a-7361-47ce-952c-6aba34915b05.rna_seq.genomic.gdc_realn.bam	Sequencing Reads	Aligned Reads	CGCI-BLGSP	BLGSP-71-08-00213	BLGSP-71-08-00213-01A	Primary Tumor
25015c60-150c-43f8-8cce-86d59114d693	5bf8cb7a-007a-4aac-b2f2-0cdab84ae442.rna_seq.genomic.gdc_realn.bam	Sequencing Reads	Aligned Reads	CGCI-BLGSP	BLGSP-71-06-00016	BLGSP-71-06-00016-01B	Primary Tumor
e3b81411-42c3-4cc6-93ff-047d076adfac	a0a64f9a-0580-4695-8d48-3b27cb24f04d.rna_seq.genomic.gdc_realn.bam	Sequencing Reads	Aligned Reads	CGCI-BLGSP	BLGSP-71-06-00016	BLGSP-71-06-00016-01A	Primary Tumor
c55e86a8-3508-4020-84ff-5ee501045392	b4f6c689-e785-4e5c-9a5d-bb69c6b8a471.rna_seq.genomic.gdc_realn.bam	Sequencing Reads	Aligned Reads	CGCI-BLGSP	BLGSP-71-06-00288	BLGSP-71-06-00288-01A	Primary Tumor
a3518855-d771-4bdc-9bc4-a03388b98e77	0fcc3add-16c8-47f2-a03f-8d46fcefa8d8.rna_seq.genomic.gdc_realn.bam	Sequencing Reads	Aligned Reads	CGCI-BLGSP	BLGSP-71-06-00137	BLGSP-71-06-00137-01A	Primary Tumor
d0ba4052-e692-479c-a840-860b5913b861	41cb9410-6bd9-4f85-ab2f-5f5bc6d20b39.rna_seq.genomic.gdc_realn.bam	Sequencing Reads	Aligned Reads	CGCI-BLGSP	BLGSP-71-06-00160	BLGSP-71-06-00160-01B	Primary Tumor
24d0d50d-a30c-4ae4-90df-0455c77c569b	447258c2-7293-45f7-8325-a26958b0b3e7.rna_seq.genomic.gdc_realn.bam	Sequencing Reads	Aligned Reads	CGCI-BLGSP	BLGSP-71-21-00188	BLGSP-71-21-00188-01A	FFPE Scrolls
ed7aacf3-ea15-44d1-a2b4-27d2b12e1f45	ae1a0fff-ddf9-461f-acfd-61a60c61ff2f.rna_seq.genomic.gdc_realn.bam	Sequencing Reads	Aligned Reads	CGCI-BLGSP	BLGSP-71-30-00668	BLGSP-71-30-00668-01A	FFPE Scrolls
7f6e7784-ae18-4b80-a073-b84374d38e40	cf65e897-cf9a-4137-a716-45d57cd1d839.rna_seq.genomic.gdc_realn.bam	Sequencing Reads	Aligned Reads	CGCI-BLGSP	BLGSP-71-19-00105	BLGSP-71-19-00105-01A	Primary Tumor
992ef81a-861e-4ca1-a9cc-b3f68fe06777	0e759b6f-9a59-42eb-8e98-dec197c46618.rna_seq.genomic.gdc_realn.bam	Sequencing Reads	Aligned Reads	CGCI-BLGSP	BLGSP-71-06-00178	BLGSP-71-06-00178-01A	Primary Tumor
5a2077e4-bdd7-4dea-b5b6-32a15682f7c5	2b5dda87-fee8-4814-91ea-faa0c9aa9d8b.rna_seq.genomic.gdc_realn.bam	Sequencing Reads	Aligned Reads	CGCI-BLGSP	BLGSP-71-06-00098	BLGSP-71-06-00098-01A	Primary Tumor
f9c36f84-095d-4ead-ab04-abdfb1794d4b	59b4c497-0d18-49bb-a297-84a07b6d3a4a.rna_seq.genomic.gdc_realn.bam	Sequencing Reads	Aligned Reads	CGCI-BLGSP	BLGSP-71-06-00157	BLGSP-71-06-00157-01A	Primary Tumor
3ed0650f-2d23-48cc-8332-6501ce829c97	004f8153-0850-4f36-9596-d4867f8825db.rna_seq.genomic.gdc_realn.bam	Sequencing Reads	Aligned Reads	CGCI-BLGSP	BLGSP-71-19-00122	BLGSP-71-19-00122-09A.1	Primary Tumor
50e70ef9-24f0-4811-9f23-0a5d9aafaec4	3990ec5b-2d68-4c05-b514-f518f28d5fba.rna_seq.genomic.gdc_realn.bam	Sequencing Reads	Aligned Reads	CGCI-BLGSP	BLGSP-71-08-00050	BLGSP-71-08-00050-01A	Primary Tumor
a630ef9f-0a25-4a7a-ba28-4734d0bd9b7d	cbf908ba-464b-48e7-b88c-0e2af8cff39d.rna_seq.genomic.gdc_realn.bam	Sequencing Reads	Aligned Reads	CGCI-BLGSP	BLGSP-71-06-00005	BLGSP-71-06-00005-01A	Primary Tumor
9b39d7f4-8c7d-4756-9043-699602ee44fe	b85affb3-e6be-4f51-8faa-78135a992201.rna_seq.genomic.gdc_realn.bam	Sequencing Reads	Aligned Reads	CGCI-BLGSP	BLGSP-71-19-00133	BLGSP-71-19-00133-09A.1	Primary Tumor
b6ba345c-7acb-4732-a5c9-d0b3d748ca87	abb45800-b725-4975-a77c-b464e0149d5b.rna_seq.genomic.gdc_realn.bam	Sequencing Reads	Aligned Reads	CGCI-BLGSP	BLGSP-71-08-00034	BLGSP-71-08-00034-01A	Primary Tumor
76bb411a-2c63-42d7-b506-5659bc86c6cd	adbbed47-8e5b-48be-b9f2-2e55988dc474.rna_seq.genomic.gdc_realn.bam	Sequencing Reads	Aligned Reads	CGCI-BLGSP	BLGSP-71-21-00185	BLGSP-71-21-00185-01A	FFPE Scrolls
14597b2b-e0f5-4815-8a9b-ee2397f0ad89	e4da0af1-c8cf-42e4-a3ed-98121f4aee52.rna_seq.genomic.gdc_realn.bam	Sequencing Reads	Aligned Reads	CGCI-BLGSP	BLGSP-71-06-00286	BLGSP-71-06-00286-01A	Primary Tumor
b80b9333-fd8f-4773-94ac-e2497a08096c	88a4783b-9e56-4413-96e6-c6fd6bef0f4c.rna_seq.genomic.gdc_realn.bam	Sequencing Reads	Aligned Reads	CGCI-BLGSP	BLGSP-71-08-00056	BLGSP-71-08-00056-01A	Primary Tumor
dac6d8ca-750c-4d54-a288-57f08da1d52c	fd26d45e-1318-40ac-977d-575f2903330b.rna_seq.genomic.gdc_realn.bam	Sequencing Reads	Aligned Reads	CGCI-BLGSP	BLGSP-71-08-00197	BLGSP-71-08-00197-01A	Primary Tumor
e1a12ec8-55a3-4009-a352-0ec07084f97c	522e804c-2fb9-4b1c-aeed-c0cf863ffc92.rna_seq.genomic.gdc_realn.bam	Sequencing Reads	Aligned Reads	CGCI-BLGSP	BLGSP-71-19-00128	BLGSP-71-19-00128-09A.1	Primary Tumor
461457b2-96f5-4463-8fd4-d6e824f2459d	2df16d8d-e673-4e3c-818b-04b05787d6f5.rna_seq.genomic.gdc_realn.bam	Sequencing Reads	Aligned Reads	CGCI-BLGSP	BLGSP-71-30-00679	BLGSP-71-30-00679-01A	FFPE Scrolls
b4d7ac2e-750d-4382-9405-97bff0051c9a	603aca81-feb0-463a-af86-22e276e2752e.rna_seq.genomic.gdc_realn.bam	Sequencing Reads	Aligned Reads	CGCI-BLGSP	BLGSP-71-30-00650	BLGSP-71-30-00650-01A	FFPE Scrolls
648212b5-4a9b-4455-94af-97c41457cdcc	3c1240da-a695-46d6-9de1-a89ddd5f7ca8.rna_seq.genomic.gdc_realn.bam	Sequencing Reads	Aligned Reads	CGCI-BLGSP	BLGSP-71-30-00672	BLGSP-71-30-00672-01A	FFPE Scrolls
4aa02d2c-0085-4119-b557-6c6bc4ddf498	05481008-1d87-4a88-a47a-e17426b2832a.rna_seq.genomic.gdc_realn.bam	Sequencing Reads	Aligned Reads	CGCI-BLGSP	BLGSP-71-30-00659	BLGSP-71-30-00659-01A	FFPE Scrolls
c45f6119-ee15-4d3f-b648-67dd92be580c	81cbecf9-ecdd-4e15-9866-d3644e31ddda.rna_seq.genomic.gdc_realn.bam	Sequencing Reads	Aligned Reads	CGCI-BLGSP	BLGSP-71-06-00007	BLGSP-71-06-00007-01B	Primary Tumor
b9dbe434-bbb6-4f42-88cb-4b8af93b5503	b5614946-1b2a-4dc0-b11e-a3942e129eb5.rna_seq.genomic.gdc_realn.bam	Sequencing Reads	Aligned Reads	CGCI-BLGSP	BLGSP-71-06-00081	BLGSP-71-06-00081-01D	Primary Tumor
b6276869-38eb-4123-8136-a998eefd764e	6bd2efdb-7af0-4504-85a6-063dbc45581d.rna_seq.genomic.gdc_realn.bam	Sequencing Reads	Aligned Reads	CGCI-BLGSP	BLGSP-71-23-00367	BLGSP-71-23-00367-01A	Primary Tumor
ded83ddd-b353-424c-b029-d3e29d1d192e	e88f0cba-b1b5-4df2-b600-25e1d711883b.rna_seq.genomic.gdc_realn.bam	Sequencing Reads	Aligned Reads	CGCI-BLGSP	BLGSP-71-06-00171	BLGSP-71-06-00171-01A	Primary Tumor
e801583e-fed2-4c89-9068-3cf215985903	fa235e7b-ffbd-4721-86dc-e5757eda5df5.rna_seq.genomic.gdc_realn.bam	Sequencing Reads	Aligned Reads	CGCI-BLGSP	BLGSP-71-19-00130	BLGSP-71-19-00130-01A	Primary Tumor
88df4a2c-2b60-4262-89ef-62fe0acc6925	c7e24ec7-4ba4-41f7-bba7-b2d1c44024d4.rna_seq.genomic.gdc_realn.bam	Sequencing Reads	Aligned Reads	CGCI-BLGSP	BLGSP-71-17-00234	BLGSP-71-17-00234-01A	Primary Tumor
aca8c306-e0d8-4d3a-bbbb-561ed696a146	c307ba07-0db8-4123-bffb-02744a3cbfc6.rna_seq.genomic.gdc_realn.bam	Sequencing Reads	Aligned Reads	CGCI-BLGSP	BLGSP-71-06-00015	BLGSP-71-06-00015-01A	Primary Tumor
ef26d076-e05c-49e0-9331-03dea5621728	e73b666c-9195-4eaf-b154-80e83a79d337.rna_seq.genomic.gdc_realn.bam	Sequencing Reads	Aligned Reads	CGCI-BLGSP	BLGSP-71-06-00166	BLGSP-71-06-00166-01B	Primary Tumor
173f660c-bf9a-4a78-a91e-b73341ee28d9	423b0530-ee4f-4e20-bd2c-8fff5027b32c.rna_seq.genomic.gdc_realn.bam	Sequencing Reads	Aligned Reads	CGCI-BLGSP	BLGSP-71-06-00015	BLGSP-71-06-00015-01B	Primary Tumor
adb2de70-8e4f-487d-ab4f-3982413110a2	88aebbd6-a82a-44ad-8979-d47f9062ae28.rna_seq.genomic.gdc_realn.bam	Sequencing Reads	Aligned Reads	CGCI-BLGSP	BLGSP-71-06-00086	BLGSP-71-06-00086-01B	Primary Tumor
b1352243-8f78-4c7d-aac9-83cb22c8495d	f6cdd0e4-4c8b-4d75-9a58-085ca4dd882d.rna_seq.genomic.gdc_realn.bam	Sequencing Reads	Aligned Reads	CGCI-BLGSP	BLGSP-71-06-00086	BLGSP-71-06-00086-01A	Primary Tumor
1e19cb79-91ed-4499-9330-73a7a78bd2d0	bd75eba8-940b-42b8-a4e9-6089fda960fb.rna_seq.genomic.gdc_realn.bam	Sequencing Reads	Aligned Reads	CGCI-BLGSP	BLGSP-71-26-00400	BLGSP-71-26-00400-01A	Primary Tumor
f915796b-778a-42e5-9161-11deaf62b0d4	52b9d8f8-4f52-4019-bb80-767ce1594770.rna_seq.genomic.gdc_realn.bam	Sequencing Reads	Aligned Reads	CGCI-BLGSP	BLGSP-71-06-00149	BLGSP-71-06-00149-01A	Primary Tumor
3902aa9d-c498-450c-a6c8-8402ab888062	1c4c0a87-ed3f-42ca-bc0a-a8d4484544f0.rna_seq.genomic.gdc_realn.bam	Sequencing Reads	Aligned Reads	CGCI-BLGSP	BLGSP-71-23-00408	BLGSP-71-23-00408-01A	Primary Tumor
1b31c5fe-739c-44a8-9115-f5a57a165ccc	9f7bfd1f-041d-46c6-baf8-24fe01b226db.rna_seq.genomic.gdc_realn.bam	Sequencing Reads	Aligned Reads	CGCI-BLGSP	BLGSP-71-32-00698	BLGSP-71-32-00698-01B	Primary Tumor
3b9d9986-9ea5-4270-b64d-5ed1f88fe74a	2760eb57-9c7d-40d6-8555-bd6445af9ee6.rna_seq.genomic.gdc_realn.bam	Sequencing Reads	Aligned Reads	CGCI-BLGSP	BLGSP-71-08-00053	BLGSP-71-08-00053-01A	Primary Tumor
5e8e4aff-00e4-4cab-bf10-b99ee7c1875c	b7c48b6d-398b-4171-82bf-5487b73baffc.rna_seq.genomic.gdc_realn.bam	Sequencing Reads	Aligned Reads	CGCI-BLGSP	BLGSP-71-08-00217	BLGSP-71-08-00217-01A	Primary Tumor
3e76511b-9787-4fda-bdcf-3e7999404bd6	dc9459f6-21a6-43af-8838-2423e1e175b6.rna_seq.genomic.gdc_realn.bam	Sequencing Reads	Aligned Reads	CGCI-BLGSP	BLGSP-71-08-00023	BLGSP-71-08-00023-01A	Primary Tumor
7fac98eb-8cde-4cf7-be38-30c8357f72fc	7e259c7f-df43-45d5-95a9-e7d5f6efef0b.rna_seq.genomic.gdc_realn.bam	Sequencing Reads	Aligned Reads	CGCI-BLGSP	BLGSP-71-06-00172	BLGSP-71-06-00172-01A	Primary Tumor
adb5c933-7d8c-4b34-8539-8993118bc850	eec376e1-e4d3-4471-bcdf-d29c87b0bf37.rna_seq.genomic.gdc_realn.bam	Sequencing Reads	Aligned Reads	CGCI-BLGSP	BLGSP-71-29-00529	BLGSP-71-29-00529-50A	Cell Lines
7b60defd-1b49-4337-96ac-f442bce0002d	d731bbc7-33c3-4afd-9f65-4104fa87f0be.rna_seq.genomic.gdc_realn.bam	Sequencing Reads	Aligned Reads	CGCI-BLGSP	BLGSP-71-08-00041	BLGSP-71-08-00041-01A	Primary Tumor
ba9564a3-c335-4a55-813e-af637ddc6766	f5dd5ace-93ea-4bab-bae2-93d45f21fa2c.rna_seq.genomic.gdc_realn.bam	Sequencing Reads	Aligned Reads	CGCI-BLGSP	BLGSP-71-08-00041	BLGSP-71-08-00041-01B	Primary Tumor
2a00deed-1ed8-4fcf-8f10-9f59d57830e0	8aa01652-75df-4b67-8089-000a7d8092a5.rna_seq.genomic.gdc_realn.bam	Sequencing Reads	Aligned Reads	CGCI-BLGSP	BLGSP-71-06-00280	BLGSP-71-06-00280-01A	Primary Tumor
6946638f-8b60-4255-b588-0c1b3d9d66a2	9cd7fe50-72c5-4c5a-902d-4bcf6ece5766.rna_seq.genomic.gdc_realn.bam	Sequencing Reads	Aligned Reads	CGCI-BLGSP	BLGSP-71-06-00071	BLGSP-71-06-00071-01B	Primary Tumor
772375bf-2041-477a-865c-373262ee7d3a	811aa100-d738-40a3-b9a4-4c0aaf47a039.rna_seq.genomic.gdc_realn.bam	Sequencing Reads	Aligned Reads	CGCI-BLGSP	BLGSP-71-19-00110	BLGSP-71-19-00110-01A.1	Primary Tumor
41bc59f3-5143-430d-98f2-7ef3457ca4a1	94455541-01a2-4900-a2fe-67d22c5189cb.rna_seq.genomic.gdc_realn.bam	Sequencing Reads	Aligned Reads	CGCI-BLGSP	BLGSP-71-06-00012	BLGSP-71-06-00012-01A	Primary Tumor
004405a0-e7a3-45db-aebc-9c1722cddda2	0e5a464a-7780-4baf-95ea-d618f65af716.rna_seq.genomic.gdc_realn.bam	Sequencing Reads	Aligned Reads	CGCI-BLGSP	BLGSP-71-06-00253	BLGSP-71-06-00253-01A	Primary Tumor
2fb2dad4-ab83-430a-910d-ec0c6cceac5a	444ae899-1438-41de-b321-f306e46bd963.rna_seq.genomic.gdc_realn.bam	Sequencing Reads	Aligned Reads	CGCI-BLGSP	BLGSP-71-26-00396	BLGSP-71-26-00396-01A	Primary Tumor
61f92e75-3bb4-4f23-b412-dde17f773def	9e183705-6bac-4a4b-b343-e9ef733a8fdd.rna_seq.genomic.gdc_realn.bam	Sequencing Reads	Aligned Reads	CGCI-BLGSP	BLGSP-71-32-00695	BLGSP-71-32-00695-01A	Primary Tumor
62cc479b-783b-4e6e-beef-c35fff4afed6	f8aa41eb-d6a5-4609-a4bf-d1b5851ad3c4.rna_seq.genomic.gdc_realn.bam	Sequencing Reads	Aligned Reads	CGCI-BLGSP	BLGSP-71-19-99999	BLGSP-71-19-99999-17A.1	Lymphoid Normal
9d132a83-1df8-4063-b2ee-305d53bc9c6e	267427a8-c92d-4f52-82d7-7c4f23704cac.rna_seq.genomic.gdc_realn.bam	Sequencing Reads	Aligned Reads	CGCI-BLGSP	BLGSP-71-06-00158	BLGSP-71-06-00158-01A	Primary Tumor
a8e75289-c495-4761-ad19-494e6b996812	aa661f52-155f-418b-aba0-268fee2ee2b2.rna_seq.genomic.gdc_realn.bam	Sequencing Reads	Aligned Reads	CGCI-BLGSP	BLGSP-71-19-99999	BLGSP-71-19-99999-17A.2	Lymphoid Normal
9d4bbe55-7458-451d-980f-66d5f7981aa4	d6614e8e-06ac-4f20-95ab-f6fca090091c.rna_seq.genomic.gdc_realn.bam	Sequencing Reads	Aligned Reads	CGCI-BLGSP	BLGSP-71-06-00158	BLGSP-71-06-00158-01B	Primary Tumor
09c067f4-0571-4103-bcd7-0bbed3441f75	db5f5658-e661-43e1-951f-859e7cc06a59.rna_seq.genomic.gdc_realn.bam	Sequencing Reads	Aligned Reads	CGCI-BLGSP	BLGSP-71-19-00126	BLGSP-71-19-00126-09A	Primary Tumor
518fc7f7-6407-4e1f-b9f8-9c108835d7a3	544a54bb-98b6-49c0-876c-8562429c5822.rna_seq.genomic.gdc_realn.bam	Sequencing Reads	Aligned Reads	CGCI-BLGSP	BLGSP-71-06-00002	BLGSP-71-06-00002-01C	Primary Tumor
3fe63159-c5f0-4aef-8a1f-056b12442ac7	176cf390-e36d-40b1-9e30-929973778a9e.rna_seq.genomic.gdc_realn.bam	Sequencing Reads	Aligned Reads	CGCI-BLGSP	BLGSP-71-22-00337	BLGSP-71-22-00337-01A	Primary Tumor
2f7d119f-7d98-4d01-a803-0e105baf6c97	4c41fd2c-125d-4846-b434-065e4e759d1b.rna_seq.genomic.gdc_realn.bam	Sequencing Reads	Aligned Reads	CGCI-BLGSP	BLGSP-71-06-00002	BLGSP-71-06-00002-01D	Primary Tumor
14d35017-9616-4746-8ea0-49c48cab155e	cfb6371c-c904-4103-a820-8920623e2e4f.rna_seq.genomic.gdc_realn.bam	Sequencing Reads	Aligned Reads	CGCI-BLGSP	BLGSP-71-30-00653	BLGSP-71-30-00653-01A	FFPE Scrolls
160b1d68-c067-4983-a2ed-03f7c97c5659	9a6ca3b7-6934-480b-add1-a107c6e9cd77.rna_seq.genomic.gdc_realn.bam	Sequencing Reads	Aligned Reads	CGCI-BLGSP	BLGSP-71-32-00701	BLGSP-71-32-00701-01A	Primary Tumor
07e35d03-9632-4fc0-acd9-69dba7743dc4	75a6cdde-d592-4357-9a39-4dde103b30a0.rna_seq.genomic.gdc_realn.bam	Sequencing Reads	Aligned Reads	CGCI-BLGSP	BLGSP-71-06-00005	BLGSP-71-06-00005-01A	Primary Tumor
178fd90c-2264-4718-bdd3-78f5514a0c67	1a8d56f9-6de8-4cf0-bf07-3f5460b99042.rna_seq.genomic.gdc_realn.bam	Sequencing Reads	Aligned Reads	CGCI-BLGSP	BLGSP-71-06-00252	BLGSP-71-06-00252-01A	Primary Tumor
d7075f8b-24b4-42bb-a3fc-a100ad6440c9	3d530acc-954a-4ac3-a16a-9177e5001ea3.rna_seq.genomic.gdc_realn.bam	Sequencing Reads	Aligned Reads	CGCI-BLGSP	BLGSP-71-30-00649	BLGSP-71-30-00649-01A	FFPE Scrolls
76bcca8c-4bab-429c-958e-ec5d59575d97	199714ac-ec4b-4bfe-84c3-09fd4e6d71f1.rna_seq.genomic.gdc_realn.bam	Sequencing Reads	Aligned Reads	CGCI-BLGSP	BLGSP-71-06-00254	BLGSP-71-06-00254-01A	Primary Tumor
f1712ed1-dda7-4d33-88de-452ab7705751	2fc16ab1-dd9f-45f4-b488-b28cb4fdae3f.rna_seq.genomic.gdc_realn.bam	Sequencing Reads	Aligned Reads	CGCI-BLGSP	BLGSP-71-06-00097	BLGSP-71-06-00097-01A	Primary Tumor
6322423a-b7b0-4ed5-b042-a3d057b1a594	08dbab0e-f2cf-4a4f-aadc-49ddf2fa434a.rna_seq.genomic.gdc_realn.bam	Sequencing Reads	Aligned Reads	CGCI-BLGSP	BLGSP-71-06-00013	BLGSP-71-06-00013-01B	Primary Tumor
32a4a35a-eb72-4344-94fd-ca7eb989d979	8c24ef81-dcc0-47ab-aca4-9efca99efffd.rna_seq.genomic.gdc_realn.bam	Sequencing Reads	Aligned Reads	CGCI-BLGSP	BLGSP-71-06-00013	BLGSP-71-06-00013-01B	Primary Tumor
a5d58e70-78c6-49d3-a169-25c6c7af3442	a9bc6448-930c-4a5a-bfa7-1bb3ea1cf79e.rna_seq.genomic.gdc_realn.bam	Sequencing Reads	Aligned Reads	CGCI-BLGSP	BLGSP-71-06-00084	BLGSP-71-06-00084-01A	Primary Tumor
c56024fb-b19b-4fb7-bad4-f7f20eed84d1	e57eaa84-2988-49e9-be69-70b2b3879827.rna_seq.genomic.gdc_realn.bam	Sequencing Reads	Aligned Reads	CGCI-BLGSP	BLGSP-71-06-00084	BLGSP-71-06-00084-01B	Primary Tumor
6b844538-2afb-4f2c-8f16-041b5e605e75	9f145d1b-c9e3-4510-94b3-6c503f2c6041.rna_seq.genomic.gdc_realn.bam	Sequencing Reads	Aligned Reads	CGCI-BLGSP	BLGSP-71-27-00513	BLGSP-71-27-00513-01A	Primary Tumor
9bfa2a6f-7f88-4e7d-80b3-3ba51d14f975	421eb42b-5c42-4214-92fa-a47ff0aaa44a.rna_seq.genomic.gdc_realn.bam	Sequencing Reads	Aligned Reads	CGCI-BLGSP	BLGSP-71-06-00139	BLGSP-71-06-00139-01A	Primary Tumor
aeaac441-611b-4271-a022-178909c921d8	20024780-2031-46c7-b135-0f0d1b37d581.rna_seq.genomic.gdc_realn.bam	Sequencing Reads	Aligned Reads	CGCI-BLGSP	BLGSP-71-06-00143	BLGSP-71-06-00143-01A	Primary Tumor
a33029e7-864f-4dc0-a404-6a72b1b06d53	8fcbbbb7-0ff0-4f25-b83e-732f0347feb9.rna_seq.genomic.gdc_realn.bam	Sequencing Reads	Aligned Reads	CGCI-BLGSP	BLGSP-71-29-00540	BLGSP-71-29-00540-50A	Cell Lines
1537e964-e635-4463-b0a2-85602ddad77d	ac12dbcc-0776-43ab-b3f8-f8a0647f5a60.rna_seq.genomic.gdc_realn.bam	Sequencing Reads	Aligned Reads	CGCI-BLGSP	BLGSP-71-06-00020	BLGSP-71-06-00020-01B	Primary Tumor
7c247018-dde3-488e-b2a1-68ff5f5c60c6	e69333a3-b5d4-489b-8a37-9c211ddbe30c.rna_seq.genomic.gdc_realn.bam	Sequencing Reads	Aligned Reads	CGCI-BLGSP	BLGSP-71-06-00020	BLGSP-71-06-00020-01A	Primary Tumor
93815bd5-e11a-4c1b-a380-ed6bf38d72b6	2acfc8bc-4668-4959-8799-d60e4156b03b.rna_seq.genomic.gdc_realn.bam	Sequencing Reads	Aligned Reads	CGCI-BLGSP	BLGSP-71-08-00205	BLGSP-71-08-00205-01A	Primary Tumor
a606aa61-e67e-441d-9bf6-f0d41aa52f05	ebca3bec-c23f-4b06-aa73-6620d4128cdc.rna_seq.genomic.gdc_realn.bam	Sequencing Reads	Aligned Reads	CGCI-BLGSP	BLGSP-71-08-00204	BLGSP-71-08-00204-01A	Primary Tumor
3ae0783e-c4b3-4a1a-9276-c1185baf7dcf	6bab8b81-30e7-4736-af75-6db288882c96.rna_seq.genomic.gdc_realn.bam	Sequencing Reads	Aligned Reads	CGCI-BLGSP	BLGSP-71-29-00544	BLGSP-71-29-00544-50A	Cell Lines
1216e99a-9d34-42d6-8aea-dc4fc54d420a	f68448dc-a251-4f49-a2cb-532ae6f78fb1.rna_seq.genomic.gdc_realn.bam	Sequencing Reads	Aligned Reads	CGCI-BLGSP	BLGSP-71-29-00543	BLGSP-71-29-00543-50A	Cell Lines
bba88afe-c6e1-491d-8f39-42aa60e21d43	11135c9e-beb0-4812-a8b0-0807c10ac152.rna_seq.genomic.gdc_realn.bam	Sequencing Reads	Aligned Reads	CGCI-BLGSP	BLGSP-71-29-00541	BLGSP-71-29-00541-50A	Cell Lines
b7fc3157-3fba-4fb3-a377-3f5a88e9f661	4f632701-a057-4edf-abb3-52e315c23f7f.rna_seq.genomic.gdc_realn.bam	Sequencing Reads	Aligned Reads	CGCI-BLGSP	BLGSP-71-29-00545	BLGSP-71-29-00545-50A	Cell Lines
b1217af8-77ef-4d0b-af64-06c77045c090	59682248-2996-4181-b6f8-9b4e059b9d4e.rna_seq.genomic.gdc_realn.bam	Sequencing Reads	Aligned Reads	CGCI-BLGSP	BLGSP-71-22-00332	BLGSP-71-22-00332-01A	Primary Tumor
239e0b77-6aea-4325-a73d-02983e09cf6a	29d491e1-4f49-48e1-b548-c4f1d3caa44e.rna_seq.genomic.gdc_realn.bam	Sequencing Reads	Aligned Reads	CGCI-BLGSP	BLGSP-71-06-00154	BLGSP-71-06-00154-01A	Primary Tumor
f91cf846-0594-4733-9f47-f18dacb3e425	885d7cfd-3f67-436e-abe3-e6babedd91b4.rna_seq.genomic.gdc_realn.bam	Sequencing Reads	Aligned Reads	CGCI-BLGSP	BLGSP-71-08-00210	BLGSP-71-08-00210-01A	Primary Tumor
cf090ac2-d506-46b7-9bd7-20c93471add4	abb4e443-5d5a-4d46-8c68-c3b387f8fae2.rna_seq.genomic.gdc_realn.bam	Sequencing Reads	Aligned Reads	CGCI-BLGSP	BLGSP-71-06-00155	BLGSP-71-06-00155-01A	Primary Tumor
a43a77fa-5af7-4269-a00f-59147e5ed4cb	13cb599b-33ac-4dd5-ac14-7fc609e77298.rna_seq.genomic.gdc_realn.bam	Sequencing Reads	Aligned Reads	CGCI-BLGSP	BLGSP-71-06-00177	BLGSP-71-06-00177-01A	Primary Tumor
3a8e7db2-66bd-4865-8c99-ce4c3923d80d	ca761a31-5d1b-4c7e-8577-3d256d9f34fc.rna_seq.genomic.gdc_realn.bam	Sequencing Reads	Aligned Reads	CGCI-BLGSP	BLGSP-71-06-00165	BLGSP-71-06-00165-01A	Primary Tumor
7aaa21f8-abd1-4e7b-b35d-f18dd0bcff98	01b3f3ab-ea99-4dbf-95c0-ae219edc4310.rna_seq.genomic.gdc_realn.bam	Sequencing Reads	Aligned Reads	CGCI-BLGSP	BLGSP-71-23-00452	BLGSP-71-23-00452-01A	Primary Tumor
0d553294-e37f-457d-8ce9-3116bca20e4f	f9e6d0e9-343f-44b9-b8af-83a02d7c146a.rna_seq.genomic.gdc_realn.bam	Sequencing Reads	Aligned Reads	CGCI-BLGSP	BLGSP-71-06-00161	BLGSP-71-06-00161-01A	Primary Tumor
4079d1c0-dbe5-4711-bfe3-3fe9bcd3d70f	912294fa-59a4-4c22-a879-d7345f5e5d5f.rna_seq.genomic.gdc_realn.bam	Sequencing Reads	Aligned Reads	CGCI-BLGSP	BLGSP-71-06-00255	BLGSP-71-06-00255-01B	Primary Tumor
11bc80cf-9695-4076-b491-586c4cbfbd3f	84f6e3f1-c97a-4fd8-a581-b829406877cd.rna_seq.genomic.gdc_realn.bam	Sequencing Reads	Aligned Reads	CGCI-BLGSP	BLGSP-71-06-00001	BLGSP-71-06-00001-01A	Primary Tumor
911f7aed-977e-4c63-aae2-602c3cb107e8	50e28094-fa05-45ca-ada3-002e74b5ef9d.rna_seq.genomic.gdc_realn.bam	Sequencing Reads	Aligned Reads	CGCI-BLGSP	BLGSP-71-06-00001	BLGSP-71-06-00001-01B	Primary Tumor
3c15d864-af79-430c-bc75-2818fefe801e	afe0ddb5-544e-4116-9f20-d6cd3653663c.rna_seq.genomic.gdc_realn.bam	Sequencing Reads	Aligned Reads	CGCI-BLGSP	BLGSP-71-06-00019	BLGSP-71-06-00019-01A	Primary Tumor
f5e38856-daad-46fd-b7a3-c1cdae17d51a	e929e229-d0d2-4b67-842d-f7b9890f619d.rna_seq.genomic.gdc_realn.bam	Sequencing Reads	Aligned Reads	CGCI-BLGSP	BLGSP-71-19-99996	BLGSP-71-19-99996-17A.1	Lymphoid Normal
43de1537-9d85-43b8-8929-673b117975b5	e30226b1-a497-4698-8370-233ccf613d58.rna_seq.genomic.gdc_realn.bam	Sequencing Reads	Aligned Reads	CGCI-BLGSP	BLGSP-71-32-00693	BLGSP-71-32-00693-01A	Primary Tumor
413c2c0a-8ee4-4ef3-8b43-a379817eeb0b	0841a34e-d83d-4a7d-a896-ea996974c4da.rna_seq.genomic.gdc_realn.bam	Sequencing Reads	Aligned Reads	CGCI-BLGSP	BLGSP-71-19-99998	BLGSP-71-19-99998-17A.1	Lymphoid Normal
ddd22c55-671d-4275-831d-0a3e843556cf	a5d815ea-1af9-4907-8a46-ccd33b507989.rna_seq.genomic.gdc_realn.bam	Sequencing Reads	Aligned Reads	CGCI-BLGSP	BLGSP-71-19-99997	BLGSP-71-19-99997-17A.2	Lymphoid Normal
0e764713-ee0a-4865-b4f1-e9c508b90b9f	51828e3d-c202-4bad-b8f1-386ef46aeb91.rna_seq.genomic.gdc_realn.bam	Sequencing Reads	Aligned Reads	CGCI-BLGSP	BLGSP-71-17-00232	BLGSP-71-17-00232-01B	Slides
5a891052-daa1-4164-9a1a-71d7b46d64e7	34615e9e-c44d-43f5-afbf-3ebbd7a0a54a.rna_seq.genomic.gdc_realn.bam	Sequencing Reads	Aligned Reads	CGCI-BLGSP	BLGSP-71-06-00180	BLGSP-71-06-00180-01A	Primary Tumor
09680c7d-57fb-409d-b37c-d4d89f42c9b7	e129d2d3-ae5d-4eb9-a3ac-92d2f2948a16.rna_seq.genomic.gdc_realn.bam	Sequencing Reads	Aligned Reads	CGCI-BLGSP	BLGSP-71-19-00106	BLGSP-71-19-00106-02A	Recurrent Tumor
41aa9b4a-1737-4775-af3d-fba9b984b9a3	425978fb-9f07-4899-8aed-95cb1ed93e99.rna_seq.genomic.gdc_realn.bam	Sequencing Reads	Aligned Reads	CGCI-BLGSP	BLGSP-71-06-00146	BLGSP-71-06-00146-01C	Primary Tumor
86103438-38af-4374-b496-877d2e03a3ab	7cc85b9c-de96-490d-9f9b-1b48b52ae955.rna_seq.genomic.gdc_realn.bam	Sequencing Reads	Aligned Reads	CGCI-BLGSP	BLGSP-71-21-00187	BLGSP-71-21-00187-01A	FFPE Scrolls
ccf16459-4bda-408f-a977-e73a94fa2bd6	b68c43a5-05f7-4ffe-b889-1997e2a0af9d.rna_seq.genomic.gdc_realn.bam	Sequencing Reads	Aligned Reads	CGCI-BLGSP	BLGSP-71-08-00039	BLGSP-71-08-00039-01A	Primary Tumor
2d8e0ddd-f84a-4534-9272-e4b4a1b7d52b	c2cab97e-53fc-42c1-93e4-3e23168fa40a.rna_seq.genomic.gdc_realn.bam	Sequencing Reads	Aligned Reads	CGCI-BLGSP	BLGSP-71-19-00104	BLGSP-71-19-00104-01A	Primary Tumor
7ecd42c9-800a-48c0-9915-bc98be93c05e	006a4a65-db1f-467d-bdc4-d340f19366a9.rna_seq.genomic.gdc_realn.bam	Sequencing Reads	Aligned Reads	CGCI-BLGSP	BLGSP-71-06-00143	BLGSP-71-06-00143-01B	Primary Tumor
c2c1579d-2c2c-4d72-99ef-06d9a29cfdd7	5756a074-1326-405c-826f-6dcf61dd0b71.rna_seq.genomic.gdc_realn.bam	Sequencing Reads	Aligned Reads	CGCI-BLGSP	BLGSP-71-19-00102	BLGSP-71-19-00102-01A	Primary Tumor
711562af-e80c-4a57-a4ea-1d564e8e5f2e	f0e38029-4de3-4bb6-8ea6-3a5b4e02e6fc.rna_seq.genomic.gdc_realn.bam	Sequencing Reads	Aligned Reads	CGCI-BLGSP	BLGSP-71-22-00333	BLGSP-71-22-00333-01A	Slides
ff86d28d-7f1e-4123-a6cd-03795fde3892	df99af37-24c1-4152-906e-44bcd5ca19e3.rna_seq.genomic.gdc_realn.bam	Sequencing Reads	Aligned Reads	CGCI-BLGSP	BLGSP-71-22-00334	BLGSP-71-22-00334-01A	Primary Tumor
2c4f553d-0d41-41d6-b42f-def34cd62079	1cace2d1-9208-4cce-aca7-fd98b9939cde.rna_seq.genomic.gdc_realn.bam	Sequencing Reads	Aligned Reads	CGCI-BLGSP	BLGSP-71-06-00159	BLGSP-71-06-00159-01A	Primary Tumor
6b069f58-a254-4ac4-9689-d62aa4cf24e0	f713b9fa-3629-4eea-99be-4f6bb4df28e3.rna_seq.genomic.gdc_realn.bam	Sequencing Reads	Aligned Reads	CGCI-BLGSP	BLGSP-71-08-00212	BLGSP-71-08-00212-01A	Primary Tumor
c5b6ec2d-742c-4002-90c9-7a120df54610	4df641aa-5ed5-4ad0-afb5-3b6a5ce625ef.rna_seq.genomic.gdc_realn.bam	Sequencing Reads	Aligned Reads	CGCI-BLGSP	BLGSP-71-26-00397	BLGSP-71-26-00397-01A	Primary Tumor
55a729e1-fa68-4b3b-8b23-96311c17c8e4	2f8bfb85-3f27-4812-b2c4-8dc63d1835ee.rna_seq.genomic.gdc_realn.bam	Sequencing Reads	Aligned Reads	CGCI-BLGSP	BLGSP-71-06-00155	BLGSP-71-06-00155-01B	Primary Tumor
0b9cc16a-c1a9-4706-ba23-d1eab558112e	695b40d7-9d78-403a-a165-0a717052eee4.rna_seq.genomic.gdc_realn.bam	Sequencing Reads	Aligned Reads	CGCI-BLGSP	BLGSP-71-06-00277	BLGSP-71-06-00277-01A	Primary Tumor
fe0d9913-eb78-4621-b06b-c7f3b3259bd3	33a23133-fd6a-4a66-9707-d2f1b2169b89.rna_seq.genomic.gdc_realn.bam	Sequencing Reads	Aligned Reads	CGCI-BLGSP	BLGSP-71-06-00169	BLGSP-71-06-00169-01A	Primary Tumor
22cef349-3b91-491b-9630-bdee4614b3f4	c6a2f27f-5f88-40cb-9998-061d70cf2af0.rna_seq.genomic.gdc_realn.bam	Sequencing Reads	Aligned Reads	CGCI-BLGSP	BLGSP-71-06-00285	BLGSP-71-06-00285-01A	Primary Tumor
5fa3e964-aefd-4fb2-8474-a49ac052cc84	19422a7a-5cb8-414e-8d99-f9ebdc41d265.rna_seq.genomic.gdc_realn.bam	Sequencing Reads	Aligned Reads	CGCI-BLGSP	BLGSP-71-06-00174	BLGSP-71-06-00174-01A	Primary Tumor
52895172-6e50-4d04-86ac-6d89b2758a9f	26dc7a8c-a4e1-42ad-94c6-effd1cb17ed9.rna_seq.genomic.gdc_realn.bam	Sequencing Reads	Aligned Reads	CGCI-BLGSP	BLGSP-71-22-00347	BLGSP-71-22-00347-01A	Slides
be720d60-1460-4b45-906d-f73c203edac4	4a515973-4265-4a0d-9c10-abd3d22b27c6.rna_seq.genomic.gdc_realn.bam	Sequencing Reads	Aligned Reads	CGCI-BLGSP	BLGSP-71-22-00347	BLGSP-71-22-00347-01A	Slides
c8e87534-7a14-46e2-b89d-53be2eec832b	e9eacb9b-0efd-4a4e-bc14-eba73c2b64c8.rna_seq.genomic.gdc_realn.bam	Sequencing Reads	Aligned Reads	CGCI-BLGSP	BLGSP-71-06-00163	BLGSP-71-06-00163-01A	Primary Tumor
3d6ace7f-fbb9-4bf5-b97d-5677b20c0baa	9cf986b5-44b7-4a0b-b1ee-42c715b85bce.rna_seq.genomic.gdc_realn.bam	Sequencing Reads	Aligned Reads	CGCI-BLGSP	BLGSP-71-08-00432	BLGSP-71-08-00432-01B	Primary Tumor
642e00ae-e7c8-475a-a6e7-2c65b5e48e8b	d85f1f5c-8223-4768-82df-b8349f1dc610.rna_seq.genomic.gdc_realn.bam	Sequencing Reads	Aligned Reads	CGCI-BLGSP	BLGSP-71-06-00011	BLGSP-71-06-00011-01A	Primary Tumor
61b82631-451d-4174-8960-94dea6945492	602002a7-edfc-4eec-b4da-fd43b929ebc1.rna_seq.genomic.gdc_realn.bam	Sequencing Reads	Aligned Reads	CGCI-BLGSP	BLGSP-71-06-00011	BLGSP-71-06-00011-01B	Primary Tumor
e76d567c-6180-461d-bc05-bc542e0fdb0e	7eb2f296-2561-458d-9d1c-772d60e9c29d.rna_seq.genomic.gdc_realn.bam	Sequencing Reads	Aligned Reads	CGCI-BLGSP	BLGSP-71-06-00251	BLGSP-71-06-00251-01C	Primary Tumor
e354c75e-7d43-4843-9246-f2e17ea32ccc	ffa35749-f844-4cc1-9ade-9aedb2e69d1b.rna_seq.genomic.gdc_realn.bam	Sequencing Reads	Aligned Reads	CGCI-BLGSP	BLGSP-71-23-00440	BLGSP-71-23-00440-01A	Primary Tumor
a9912fcc-8f67-4d24-9802-19a97362138d	2d8a9569-0220-483c-91cd-c3bf574a4488.rna_seq.genomic.gdc_realn.bam	Sequencing Reads	Aligned Reads	CGCI-BLGSP	BLGSP-71-23-00409	BLGSP-71-23-00409-01A	Primary Tumor
9d5d41a3-04e6-418e-9bc9-09ceb2d90d04	528aa6c3-9621-4518-a1a8-aecefe8a89a2.rna_seq.genomic.gdc_realn.bam	Sequencing Reads	Aligned Reads	CGCI-BLGSP	BLGSP-71-23-00404	BLGSP-71-23-00404-01A	Primary Tumor
3926ff65-b734-4e9d-80e2-a9db9fa3c7a4	cff12d45-fa19-4e88-af62-af6522ffe79f.rna_seq.genomic.gdc_realn.bam	Sequencing Reads	Aligned Reads	CGCI-BLGSP	BLGSP-71-06-00008	BLGSP-71-06-00008-01B	Primary Tumor
8b8a82ec-ac5f-4367-9221-b28646b0da31	3f114863-6a38-4da5-8949-3aeb367097c9.rna_seq.genomic.gdc_realn.bam	Sequencing Reads	Aligned Reads	CGCI-BLGSP	BLGSP-71-06-00008	BLGSP-71-06-00008-01A	Primary Tumor
2f3e4fb7-0ac8-46e2-84a4-0b21968bb0ce	01026dca-6b52-4605-ac2d-0c8a837ec4f1.rna_seq.genomic.gdc_realn.bam	Sequencing Reads	Aligned Reads	CGCI-BLGSP	BLGSP-71-08-00048	BLGSP-71-08-00048-01A	Primary Tumor
8b7c4862-289b-482e-8c98-195da1837bf0	067b661d-c6ae-412e-aa50-01a7a74c0241.rna_seq.genomic.gdc_realn.bam	Sequencing Reads	Aligned Reads	CGCI-BLGSP	BLGSP-71-08-00040	BLGSP-71-08-00040-01A	Primary Tumor
0427f9f6-d892-4abd-b2c3-89ca82492c27	7055b0e4-2b21-4b3d-ace5-2f0bce59a54d.rna_seq.genomic.gdc_realn.bam	Sequencing Reads	Aligned Reads	CGCI-BLGSP	BLGSP-71-19-99998	BLGSP-71-19-99998-17A.2	Lymphoid Normal
11314cde-9e8d-4905-b90a-851587e07e36	c9ba22a7-0742-44b7-b79e-7769dcbe7ca3.rna_seq.genomic.gdc_realn.bam	Sequencing Reads	Aligned Reads	CGCI-BLGSP	BLGSP-71-19-99997	BLGSP-71-19-99997-17A.1	Lymphoid Normal
dc46a5a8-9866-486f-ae49-2093886cfc64	2b7a89d9-c33c-4e75-acf8-664c580c2b70.rna_seq.genomic.gdc_realn.bam	Sequencing Reads	Aligned Reads	CGCI-BLGSP	BLGSP-71-19-99989	BLGSP-71-19-99989-17A.2	Lymphoid Normal
ea1564be-251e-42b0-8d68-f21f34928673	38085d35-ba63-4409-bacc-5de4261fbaf8.rna_seq.genomic.gdc_realn.bam	Sequencing Reads	Aligned Reads	CGCI-BLGSP	BLGSP-71-19-99989	BLGSP-71-19-99989-17A.1	Lymphoid Normal
26ca8e49-3a5c-4fb1-b756-b5941f0d53ed	0ef22743-78c1-4664-8144-e22c5a54404f.rna_seq.genomic.gdc_realn.bam	Sequencing Reads	Aligned Reads	CGCI-BLGSP	BLGSP-71-32-00691	BLGSP-71-32-00691-01A	Primary Tumor
a3621277-d562-484b-ab6e-2eef08446e54	3823318c-9529-456d-aab4-10f5c96ec36f.rna_seq.genomic.gdc_realn.bam	Sequencing Reads	Aligned Reads	CGCI-BLGSP	BLGSP-71-06-00283	BLGSP-71-06-00283-01A	Primary Tumor
19a6bd77-0a5d-4332-9d0d-f9a547fcd026	05881dfd-093b-4655-89da-80de209116a9.rna_seq.genomic.gdc_realn.bam	Sequencing Reads	Aligned Reads	CGCI-BLGSP	BLGSP-71-08-00042	BLGSP-71-08-00042-01B	Primary Tumor
bbd13a3e-6cbf-4886-a54c-40ac64371b2b	4cc8c0be-5872-4b74-90bb-4c4cd93ffe8f.rna_seq.genomic.gdc_realn.bam	Sequencing Reads	Aligned Reads	CGCI-BLGSP	BLGSP-71-08-00042	BLGSP-71-08-00042-01B	Primary Tumor
05beb651-3054-4654-8ef7-7cf4b7924e9d	e37332e1-b0bf-44cf-a7bf-d495f28567a9.rna_seq.genomic.gdc_realn.bam	Sequencing Reads	Aligned Reads	CGCI-BLGSP	BLGSP-71-08-00035	BLGSP-71-08-00035-01A	Primary Tumor
a99f4029-53e5-41ac-b37b-846a52d5d6ac	278a39db-a2f7-48ed-b3ed-1f284593048e.rna_seq.genomic.gdc_realn.bam	Sequencing Reads	Aligned Reads	CGCI-BLGSP	BLGSP-71-27-00424	BLGSP-71-27-00424-01A	Primary Tumor
